metodo,variable,celdas,MAE_z,correlacion
SAITS,CO,3126,0.38699093,0.8980772943562909
SAITS,NO,2907,0.22896154,0.96523006410519
SAITS,NO2,3117,0.21907434,0.9581189307593189
SAITS,NOX,3219,0.15393381,0.969147356384072
SAITS,O3,3396,0.35058185,0.9025584162018147
SAITS,PM10,3525,0.5584323,0.7711982958202872
SAITS,PM2.5,2844,0.58922446,0.8603127921776144
SAITS,PRS,3323,0.38764882,0.8747270926531391
SAITS,RAINF,3507,0.04296694,0.007855646358487034
SAITS,RH,2942,0.37975478,0.8807001460930621
SAITS,SO2,3733,0.49026394,0.6628000876775029
SAITS,SR,2746,0.29242054,0.8925186666203225
SAITS,TOUT,3254,0.26891366,0.9591742519701242
SAITS,WSR,3417,0.4380566,0.7965438584454096
SAITS,WDR_sin,3641,0.4702133,0.7294408436258879
SAITS,WDR_cos,3744,0.56058925,0.7099933510747423
Interpolación lineal,CO,3126,0.24885614,0.9249430249459453
Interpolación lineal,NO,2907,0.52538526,0.6474120243274973
Interpolación lineal,NO2,3117,0.51042837,0.7486115808365482
Interpolación lineal,NOX,3219,0.47798836,0.7335039012693356
Interpolación lineal,O3,3396,0.6700985,0.41957867163591955
Interpolación lineal,PM10,3525,0.49185637,0.7247060900848018
Interpolación lineal,PM2.5,2844,0.5185091,0.8393233837719853
Interpolación lineal,PRS,3323,0.22014742,0.953694436866842
Interpolación lineal,RAINF,3507,0.039858893,0.3114418369572194
Interpolación lineal,RH,2942,0.5812165,0.6355222215316503
Interpolación lineal,SO2,3733,0.37774295,0.6597131714946063
Interpolación lineal,SR,2746,0.7447077,0.23586676163383197
Interpolación lineal,TOUT,3254,0.4587899,0.7820309985621792
Interpolación lineal,WSR,3417,0.6728806,0.44514469498204945
Interpolación lineal,WDR_sin,3641,0.60217094,0.49907381910696424
Interpolación lineal,WDR_cos,3744,0.7266754,0.453810646969477
Último valor observado,CO,3126,0.29859975,0.9005225175286088
Último valor observado,NO,2907,0.641284,0.5665078062408215
Último valor observado,NO2,3117,0.58754456,0.6845786137347224
Último valor observado,NOX,3219,0.56486756,0.6513897318798554
Último valor observado,O3,3396,0.8276321,0.2924173710391795
Último valor observado,PM10,3525,0.60991037,0.6399410802523263
Último valor observado,PM2.5,2844,0.6088043,0.788534578146524
Último valor observado,PRS,3323,0.33046886,0.8986913772077912
Último valor observado,RAINF,3507,0.046787426,0.2005145502026632
Último valor observado,RH,2942,0.6985718,0.5295599686212892
Último valor observado,SO2,3733,0.43765992,0.5811716152840767
Último valor observado,SR,2746,0.82515085,0.12659903710474646
Último valor observado,TOUT,3254,0.569254,0.7060902326059967
Último valor observado,WSR,3417,0.801414,0.34036784917693635
Último valor observado,WDR_sin,3641,0.68752563,0.42668927221213937
Último valor observado,WDR_cos,3744,0.8696088,0.3279222203358394
Media,CO,3126,0.90096414,0.0
Media,NO,2907,0.80999357,0.0
Media,NO2,3117,0.8166848,0.0
Media,NOX,3219,0.79940486,0.0
Media,O3,3396,0.76940477,0.0
Media,PM10,3525,0.8394185,0.0
Media,PM2.5,2844,1.016144,0.0
Media,PRS,3323,0.7865605,0.0
Media,RAINF,3507,0.07231347,0.0
Media,RH,2942,0.8196286,0.0
Media,SO2,3733,0.64108676,0.0
Media,SR,2746,0.83495533,0.0
Media,TOUT,3254,0.74689305,0.0
Media,WSR,3417,0.7374441,0.0
Media,WDR_sin,3641,0.8306387,0.0
Media,WDR_cos,3744,0.8836804,0.0
Mediana,CO,3126,0.8994047,
Mediana,NO,2907,0.767159,0.0
Mediana,NO2,3117,0.8174064,
Mediana,NOX,3219,0.7744623,
Mediana,O3,3396,0.742355,
Mediana,PM10,3525,0.84564257,0.0
Mediana,PM2.5,2844,1.0171863,0.0
Mediana,PRS,3323,0.7849921,
Mediana,RAINF,3507,0.0435041,
Mediana,RH,2942,0.820106,
Mediana,SO2,3733,0.6573528,
Mediana,SR,2746,0.70145684,
Mediana,TOUT,3254,0.7327938,0.0
Mediana,WSR,3417,0.7238102,
Mediana,WDR_sin,3641,0.7030121,
Mediana,WDR_cos,3744,0.88035655,
