variable,registros,faltantes,pct_faltantes,imputados_SAITS,pct_imputado_de_faltantes,siguen_faltando,pct_siguen_faltando
CO,830908,111808,13.46,14823,13.26,96985,11.67
NO,830908,134880,16.23,33402,24.76,101478,12.21
NO2,830908,138233,16.64,22220,16.07,116013,13.96
NOX,830908,133807,16.1,22479,16.8,111328,13.4
O3,830908,113198,13.62,22542,19.91,90656,10.91
PM10,830908,36696,4.42,18142,49.44,18554,2.23
PM2.5,830908,199374,23.99,54734,27.45,144640,17.41
PRS,830908,46050,5.54,12474,27.09,33576,4.04
RAINF,830908,40810,4.91,9361,22.94,31449,3.78
RH,830908,104239,12.55,12966,12.44,91273,10.98
SO2,830908,116991,14.08,36461,31.17,80530,9.69
SR,830908,46776,5.63,13516,28.9,33260,4.0
TOUT,830908,60444,7.27,12808,21.19,47636,5.73
WSR,830908,54570,6.57,20316,37.23,34254,4.12
WDR,830908,66131,7.96,17447,26.38,48684,5.86
