variable,candidatos,observados,evaluados,porcentaje_observados
"CO",4512,719100,719035,0.627450980392157
"NO",54394,696028,690287,7.8149154919055
"NO2",6294,692675,688056,0.908651243368102
"NOX",28283,697101,695656,4.05723130507631
"O3",1342,717710,717698,0.186983600618634
"PM10",11422,794217,794217,1.43814599788219
"PM2.5",4253,631535,631535,0.673438526764154
"PRS",1372,784859,784859,0.174808468782291
"RAINF",0,790125,0,0
"RH",134,726669,726654,0.0184403077604797
"SO2",23620,713917,713894,3.30850785175308
"SR",6783,784286,730317,0.864863072909627
"TOUT",19,770891,770891,0.00246468048011976
"WSR",2228,776435,776435,0.286952545931082
