anio,estacion,estado,registros,horas_periodo,huecos_interiores,horas_antes_primera,horas_despues_ultima
2020,"CE","presente",8784,8784,0,0,0
2020,"NE","presente",8776,8784,8,0,0
2020,"NE2","presente",8776,8784,8,0,0
2020,"NE3","sin_hoja",0,8784,NA,NA,NA
2020,"NO","presente",8778,8784,6,0,0
2020,"NO2","presente",8776,8784,8,0,0
2020,"NO3","sin_hoja",0,8784,NA,NA,NA
2020,"NTE","presente",8777,8784,7,0,0
2020,"NTE2","presente",8776,8784,8,0,0
2020,"SE","presente",8779,8784,5,0,0
2020,"SE2","presente",8776,8784,8,0,0
2020,"SE3","presente",8776,8784,8,0,0
2020,"SO","presente",8777,8784,7,0,0
2020,"SO2","presente",8776,8784,8,0,0
2020,"SUR","presente",8775,8784,9,0,0
2021,"CE","presente",8760,8760,0,0,0
2021,"NE","presente",8759,8760,1,0,0
2021,"NE2","presente",8759,8760,1,0,0
2021,"NE3","presente",8759,8760,1,0,0
2021,"NO","presente",8759,8760,1,0,0
2021,"NO2","presente",8759,8760,1,0,0
2021,"NO3","sin_hoja",0,8760,NA,NA,NA
2021,"NTE","presente",8759,8760,1,0,0
2021,"NTE2","presente",8759,8760,1,0,0
2021,"SE","presente",8759,8760,1,0,0
2021,"SE2","presente",8760,8760,0,0,0
2021,"SE3","presente",8759,8760,1,0,0
2021,"SO","presente",8760,8760,0,0,0
2021,"SO2","presente",8759,8760,1,0,0
2021,"SUR","presente",8759,8760,1,0,0
2022,"CE","presente",8760,8760,0,0,0
2022,"NE","presente",8760,8760,0,0,0
2022,"NE2","presente",8760,8760,0,0,0
2022,"NE3","presente",8760,8760,0,0,0
2022,"NO","presente",8760,8760,0,0,0
2022,"NO2","presente",8760,8760,0,0,0
2022,"NO3","presente",743,8760,0,8017,0
2022,"NTE","presente",8760,8760,0,0,0
2022,"NTE2","presente",8760,8760,0,0,0
2022,"SE","presente",8760,8760,0,0,0
2022,"SE2","presente",8760,8760,0,0,0
2022,"SE3","presente",8760,8760,0,0,0
2022,"SO","presente",8760,8760,0,0,0
2022,"SO2","presente",8760,8760,0,0,0
2022,"SUR","presente",8760,8760,0,0,0
2023,"CE","presente",8758,8760,2,0,0
2023,"NE","presente",8758,8760,2,0,0
2023,"NE2","presente",8758,8760,2,0,0
2023,"NE3","presente",8757,8760,3,0,0
2023,"NO","presente",8758,8760,2,0,0
2023,"NO2","presente",8759,8760,1,0,0
2023,"NO3","presente",8759,8760,1,0,0
2023,"NTE","presente",8758,8760,2,0,0
2023,"NTE2","presente",8758,8760,2,0,0
2023,"SE","presente",8758,8760,2,0,0
2023,"SE2","presente",8758,8760,2,0,0
2023,"SE3","presente",8758,8760,2,0,0
2023,"SO","presente",8758,8760,2,0,0
2023,"SO2","presente",8758,8760,2,0,0
2023,"SUR","presente",8757,8760,3,0,0
2024,"CE","presente",8784,8784,0,0,0
2024,"NE","presente",8784,8784,0,0,0
2024,"NE2","presente",8782,8784,2,0,0
2024,"NE3","presente",8782,8784,2,0,0
2024,"NO","presente",8783,8784,1,0,0
2024,"NO2","presente",8782,8784,2,0,0
2024,"NO3","presente",8784,8784,0,0,0
2024,"NTE","presente",8782,8784,2,0,0
2024,"NTE2","presente",8782,8784,2,0,0
2024,"SE","presente",8784,8784,0,0,0
2024,"SE2","presente",8782,8784,2,0,0
2024,"SE3","presente",8782,8784,2,0,0
2024,"SO","presente",8784,8784,0,0,0
2024,"SO2","presente",8782,8784,2,0,0
2024,"SUR","presente",8782,8784,2,0,0
2025,"CE","presente",8759,8760,1,0,0
2025,"NE","presente",8758,8760,2,0,0
2025,"NE2","presente",8758,8760,2,0,0
2025,"NE3","presente",8759,8760,1,0,0
2025,"NO","presente",8759,8760,1,0,0
2025,"NO2","presente",8758,8760,2,0,0
2025,"NO3","presente",8759,8760,1,0,0
2025,"NTE","presente",8759,8760,1,0,0
2025,"NTE2","presente",8758,8760,2,0,0
2025,"SE","presente",8759,8760,1,0,0
2025,"SE2","presente",8759,8760,1,0,0
2025,"SE3","presente",8758,8760,2,0,0
2025,"SO","presente",8758,8760,2,0,0
2025,"SO2","presente",8758,8760,2,0,0
2025,"SUR","presente",8759,8760,1,0,0
2026,"CE","presente",5087,5088,1,0,0
2026,"NE","presente",5087,5088,1,0,0
2026,"NE2","presente",5087,5088,1,0,0
2026,"NE3","presente",5087,5088,1,0,0
2026,"NO","presente",5087,5088,1,0,0
2026,"NO2","presente",5087,5088,1,0,0
2026,"NO3","presente",5087,5088,1,0,0
2026,"NTE","presente",5087,5088,1,0,0
2026,"NTE2","presente",5087,5088,1,0,0
2026,"SE","presente",5087,5088,1,0,0
2026,"SE2","presente",5087,5088,1,0,0
2026,"SE3","presente",5087,5088,1,0,0
2026,"SO","presente",5087,5088,1,0,0
2026,"SO2","presente",5087,5088,1,0,0
2026,"SUR","presente",5087,5088,1,0,0
