archivo,estacion,fila_excel,fecha_hora,variable,valor_original,valor_nuevo,motivo
"BD 2025.xlsx","NO",8264,"2025-12-11 07:00:00","NOX",-9999,NA,"valor_-9999_no_utilizable"
"BD 2025.xlsx","NO",8265,"2025-12-11 08:00:00","NOX",-9999,NA,"valor_-9999_no_utilizable"
"BD 2020.xlsx","SE",7553,"2020-11-10 19:00:00","PRS",0,NA,"presion_no_positiva"
"BD 2025.xlsx","SE",6396,"2025-09-24 11:00:00","PRS",0,NA,"presion_no_positiva"
"BD 2025.xlsx","NTE2",6431,"2025-09-25 22:00:00","RAINF",-9999,NA,"valor_-9999_no_utilizable"
"BD 2021.xlsx","NO",8480,"2021-12-20 07:00:00","RH",101,NA,"RH_fuera_0_100_por_ciento"
"BD 2021.xlsx","NO",8481,"2021-12-20 08:00:00","RH",101,NA,"RH_fuera_0_100_por_ciento"
"BD 2021.xlsx","NO",8501,"2021-12-21 04:00:00","RH",101,NA,"RH_fuera_0_100_por_ciento"
"BD 2022.xlsx","NE2",8681,"2022-12-28 15:00:00","RH",143,NA,"RH_fuera_0_100_por_ciento"
"BD 2022.xlsx","NE2",8682,"2022-12-28 16:00:00","RH",190,NA,"RH_fuera_0_100_por_ciento"
"BD 2022.xlsx","NO",491,"2022-01-21 09:00:00","RH",101,NA,"RH_fuera_0_100_por_ciento"
"BD 2022.xlsx","NO",523,"2022-01-22 17:00:00","RH",101,NA,"RH_fuera_0_100_por_ciento"
"BD 2022.xlsx","NO",524,"2022-01-22 18:00:00","RH",101,NA,"RH_fuera_0_100_por_ciento"
"BD 2022.xlsx","NO",525,"2022-01-22 19:00:00","RH",101,NA,"RH_fuera_0_100_por_ciento"
"BD 2022.xlsx","NO",545,"2022-01-23 15:00:00","RH",101,NA,"RH_fuera_0_100_por_ciento"
"BD 2022.xlsx","NO",546,"2022-01-23 16:00:00","RH",101,NA,"RH_fuera_0_100_por_ciento"
"BD 2022.xlsx","NO",547,"2022-01-23 17:00:00","RH",101,NA,"RH_fuera_0_100_por_ciento"
"BD 2022.xlsx","NO",548,"2022-01-23 18:00:00","RH",101,NA,"RH_fuera_0_100_por_ciento"
"BD 2022.xlsx","NO",549,"2022-01-23 19:00:00","RH",101,NA,"RH_fuera_0_100_por_ciento"
"BD 2022.xlsx","NO",550,"2022-01-23 20:00:00","RH",101,NA,"RH_fuera_0_100_por_ciento"
"BD 2022.xlsx","NO",551,"2022-01-23 21:00:00","RH",101,NA,"RH_fuera_0_100_por_ciento"
"BD 2022.xlsx","NO",584,"2022-01-25 06:00:00","RH",101,NA,"RH_fuera_0_100_por_ciento"
"BD 2022.xlsx","NO",605,"2022-01-26 03:00:00","RH",101,NA,"RH_fuera_0_100_por_ciento"
"BD 2022.xlsx","NO",606,"2022-01-26 04:00:00","RH",101,NA,"RH_fuera_0_100_por_ciento"
"BD 2022.xlsx","NO",607,"2022-01-26 05:00:00","RH",101,NA,"RH_fuera_0_100_por_ciento"
"BD 2022.xlsx","NO",608,"2022-01-26 06:00:00","RH",101,NA,"RH_fuera_0_100_por_ciento"
"BD 2022.xlsx","NO",609,"2022-01-26 07:00:00","RH",101,NA,"RH_fuera_0_100_por_ciento"
"BD 2022.xlsx","NO",610,"2022-01-26 08:00:00","RH",101,NA,"RH_fuera_0_100_por_ciento"
"BD 2022.xlsx","NO",611,"2022-01-26 09:00:00","RH",101,NA,"RH_fuera_0_100_por_ciento"
"BD 2022.xlsx","NO",628,"2022-01-27 02:00:00","RH",101,NA,"RH_fuera_0_100_por_ciento"
"BD 2022.xlsx","NO",635,"2022-01-27 09:00:00","RH",101,NA,"RH_fuera_0_100_por_ciento"
"BD 2022.xlsx","NO",636,"2022-01-27 10:00:00","RH",101,NA,"RH_fuera_0_100_por_ciento"
"BD 2022.xlsx","NO",646,"2022-01-27 20:00:00","RH",101,NA,"RH_fuera_0_100_por_ciento"
"BD 2022.xlsx","NO",647,"2022-01-27 21:00:00","RH",101,NA,"RH_fuera_0_100_por_ciento"
"BD 2022.xlsx","NO",648,"2022-01-27 22:00:00","RH",101,NA,"RH_fuera_0_100_por_ciento"
"BD 2022.xlsx","NO",650,"2022-01-28 00:00:00","RH",101,NA,"RH_fuera_0_100_por_ciento"
"BD 2022.xlsx","NO",651,"2022-01-28 01:00:00","RH",101,NA,"RH_fuera_0_100_por_ciento"
"BD 2022.xlsx","NO",652,"2022-01-28 02:00:00","RH",101,NA,"RH_fuera_0_100_por_ciento"
"BD 2022.xlsx","NO",653,"2022-01-28 03:00:00","RH",101,NA,"RH_fuera_0_100_por_ciento"
"BD 2022.xlsx","NO",654,"2022-01-28 04:00:00","RH",101,NA,"RH_fuera_0_100_por_ciento"
"BD 2022.xlsx","NO",656,"2022-01-28 06:00:00","RH",101,NA,"RH_fuera_0_100_por_ciento"
"BD 2022.xlsx","NO",662,"2022-01-28 12:00:00","RH",101,NA,"RH_fuera_0_100_por_ciento"
"BD 2022.xlsx","NO",663,"2022-01-28 13:00:00","RH",101,NA,"RH_fuera_0_100_por_ciento"
"BD 2022.xlsx","NO",664,"2022-01-28 14:00:00","RH",101,NA,"RH_fuera_0_100_por_ciento"
"BD 2022.xlsx","NO",726,"2022-01-31 04:00:00","RH",101,NA,"RH_fuera_0_100_por_ciento"
"BD 2022.xlsx","NO",727,"2022-01-31 05:00:00","RH",101,NA,"RH_fuera_0_100_por_ciento"
"BD 2022.xlsx","NO",728,"2022-01-31 06:00:00","RH",101,NA,"RH_fuera_0_100_por_ciento"
"BD 2022.xlsx","NO",729,"2022-01-31 07:00:00","RH",101,NA,"RH_fuera_0_100_por_ciento"
"BD 2022.xlsx","NO",777,"2022-02-02 07:00:00","RH",101,NA,"RH_fuera_0_100_por_ciento"
"BD 2022.xlsx","NO",821,"2022-02-04 03:00:00","RH",101,NA,"RH_fuera_0_100_por_ciento"
"BD 2022.xlsx","NO",822,"2022-02-04 04:00:00","RH",101,NA,"RH_fuera_0_100_por_ciento"
"BD 2022.xlsx","NO",824,"2022-02-04 06:00:00","RH",101,NA,"RH_fuera_0_100_por_ciento"
"BD 2022.xlsx","NO",825,"2022-02-04 07:00:00","RH",101,NA,"RH_fuera_0_100_por_ciento"
"BD 2022.xlsx","NO",826,"2022-02-04 08:00:00","RH",101,NA,"RH_fuera_0_100_por_ciento"
"BD 2022.xlsx","NO",827,"2022-02-04 09:00:00","RH",101,NA,"RH_fuera_0_100_por_ciento"
"BD 2022.xlsx","NO",893,"2022-02-07 03:00:00","RH",101,NA,"RH_fuera_0_100_por_ciento"
"BD 2022.xlsx","NO",894,"2022-02-07 04:00:00","RH",101,NA,"RH_fuera_0_100_por_ciento"
"BD 2022.xlsx","NO",1303,"2022-02-24 05:00:00","RH",101,NA,"RH_fuera_0_100_por_ciento"
"BD 2022.xlsx","NO",1304,"2022-02-24 06:00:00","RH",101,NA,"RH_fuera_0_100_por_ciento"
"BD 2022.xlsx","NO",1305,"2022-02-24 07:00:00","RH",101,NA,"RH_fuera_0_100_por_ciento"
"BD 2022.xlsx","NO",1306,"2022-02-24 08:00:00","RH",101,NA,"RH_fuera_0_100_por_ciento"
"BD 2022.xlsx","NO",1332,"2022-02-25 10:00:00","RH",101,NA,"RH_fuera_0_100_por_ciento"
"BD 2022.xlsx","NO",1347,"2022-02-26 01:00:00","RH",101,NA,"RH_fuera_0_100_por_ciento"
"BD 2022.xlsx","NO",1348,"2022-02-26 02:00:00","RH",101,NA,"RH_fuera_0_100_por_ciento"
"BD 2022.xlsx","NO",1349,"2022-02-26 03:00:00","RH",101,NA,"RH_fuera_0_100_por_ciento"
"BD 2022.xlsx","NO",1350,"2022-02-26 04:00:00","RH",101,NA,"RH_fuera_0_100_por_ciento"
"BD 2022.xlsx","NO",1351,"2022-02-26 05:00:00","RH",101,NA,"RH_fuera_0_100_por_ciento"
"BD 2022.xlsx","NO",1352,"2022-02-26 06:00:00","RH",101,NA,"RH_fuera_0_100_por_ciento"
"BD 2022.xlsx","NO",1353,"2022-02-26 07:00:00","RH",101,NA,"RH_fuera_0_100_por_ciento"
"BD 2022.xlsx","NO",1369,"2022-02-26 23:00:00","RH",101,NA,"RH_fuera_0_100_por_ciento"
"BD 2022.xlsx","NO",1370,"2022-02-27 00:00:00","RH",101,NA,"RH_fuera_0_100_por_ciento"
"BD 2022.xlsx","NO",1371,"2022-02-27 01:00:00","RH",101,NA,"RH_fuera_0_100_por_ciento"
"BD 2022.xlsx","NO",1372,"2022-02-27 02:00:00","RH",101,NA,"RH_fuera_0_100_por_ciento"
"BD 2022.xlsx","NO",1373,"2022-02-27 03:00:00","RH",101,NA,"RH_fuera_0_100_por_ciento"
"BD 2022.xlsx","NO",1374,"2022-02-27 04:00:00","RH",101,NA,"RH_fuera_0_100_por_ciento"
"BD 2022.xlsx","NO",4237,"2022-06-26 11:00:00","RH",714.2,NA,"RH_fuera_0_100_por_ciento"
"BD 2022.xlsx","NO",7688,"2022-11-17 06:00:00","RH",101,NA,"RH_fuera_0_100_por_ciento"
"BD 2022.xlsx","NO",7689,"2022-11-17 07:00:00","RH",101,NA,"RH_fuera_0_100_por_ciento"
"BD 2022.xlsx","NO",7690,"2022-11-17 08:00:00","RH",101,NA,"RH_fuera_0_100_por_ciento"
"BD 2022.xlsx","NO",7691,"2022-11-17 09:00:00","RH",101,NA,"RH_fuera_0_100_por_ciento"
"BD 2022.xlsx","NO",7704,"2022-11-17 22:00:00","RH",101,NA,"RH_fuera_0_100_por_ciento"
"BD 2022.xlsx","NO",7705,"2022-11-17 23:00:00","RH",101,NA,"RH_fuera_0_100_por_ciento"
"BD 2022.xlsx","NO",7706,"2022-11-18 00:00:00","RH",101,NA,"RH_fuera_0_100_por_ciento"
"BD 2022.xlsx","NO",7707,"2022-11-18 01:00:00","RH",101,NA,"RH_fuera_0_100_por_ciento"
"BD 2022.xlsx","NO",7708,"2022-11-18 02:00:00","RH",101,NA,"RH_fuera_0_100_por_ciento"
"BD 2022.xlsx","NO",7709,"2022-11-18 03:00:00","RH",101,NA,"RH_fuera_0_100_por_ciento"
"BD 2022.xlsx","NO",7710,"2022-11-18 04:00:00","RH",101,NA,"RH_fuera_0_100_por_ciento"
"BD 2022.xlsx","NO",7723,"2022-11-18 17:00:00","RH",101,NA,"RH_fuera_0_100_por_ciento"
"BD 2022.xlsx","NO",7724,"2022-11-18 18:00:00","RH",101,NA,"RH_fuera_0_100_por_ciento"
"BD 2022.xlsx","NO",7725,"2022-11-18 19:00:00","RH",101,NA,"RH_fuera_0_100_por_ciento"
"BD 2022.xlsx","NO",7731,"2022-11-19 01:00:00","RH",101,NA,"RH_fuera_0_100_por_ciento"
"BD 2022.xlsx","NO",7732,"2022-11-19 02:00:00","RH",101,NA,"RH_fuera_0_100_por_ciento"
"BD 2022.xlsx","NO",7733,"2022-11-19 03:00:00","RH",101,NA,"RH_fuera_0_100_por_ciento"
"BD 2022.xlsx","NO",7734,"2022-11-19 04:00:00","RH",101,NA,"RH_fuera_0_100_por_ciento"
"BD 2022.xlsx","NO",7735,"2022-11-19 05:00:00","RH",101,NA,"RH_fuera_0_100_por_ciento"
"BD 2022.xlsx","NO",7736,"2022-11-19 06:00:00","RH",101,NA,"RH_fuera_0_100_por_ciento"
"BD 2022.xlsx","NO",7741,"2022-11-19 11:00:00","RH",101,NA,"RH_fuera_0_100_por_ciento"
"BD 2022.xlsx","NO",7743,"2022-11-19 13:00:00","RH",101,NA,"RH_fuera_0_100_por_ciento"
"BD 2022.xlsx","NO",7754,"2022-11-20 00:00:00","RH",101,NA,"RH_fuera_0_100_por_ciento"
"BD 2022.xlsx","NO",7755,"2022-11-20 01:00:00","RH",101,NA,"RH_fuera_0_100_por_ciento"
"BD 2022.xlsx","NO",7756,"2022-11-20 02:00:00","RH",101,NA,"RH_fuera_0_100_por_ciento"
"BD 2022.xlsx","NO",7757,"2022-11-20 03:00:00","RH",101,NA,"RH_fuera_0_100_por_ciento"
"BD 2022.xlsx","NO",7761,"2022-11-20 07:00:00","RH",101,NA,"RH_fuera_0_100_por_ciento"
"BD 2022.xlsx","NO",7763,"2022-11-20 09:00:00","RH",101,NA,"RH_fuera_0_100_por_ciento"
"BD 2022.xlsx","NO",7764,"2022-11-20 10:00:00","RH",101,NA,"RH_fuera_0_100_por_ciento"
"BD 2022.xlsx","NO",7765,"2022-11-20 11:00:00","RH",101,NA,"RH_fuera_0_100_por_ciento"
"BD 2022.xlsx","NO",7776,"2022-11-20 22:00:00","RH",101,NA,"RH_fuera_0_100_por_ciento"
"BD 2022.xlsx","NO",7777,"2022-11-20 23:00:00","RH",101,NA,"RH_fuera_0_100_por_ciento"
"BD 2022.xlsx","NO",7778,"2022-11-21 00:00:00","RH",101,NA,"RH_fuera_0_100_por_ciento"
"BD 2022.xlsx","NO",7779,"2022-11-21 01:00:00","RH",101,NA,"RH_fuera_0_100_por_ciento"
"BD 2022.xlsx","NO",7780,"2022-11-21 02:00:00","RH",101,NA,"RH_fuera_0_100_por_ciento"
"BD 2022.xlsx","NO",7781,"2022-11-21 03:00:00","RH",101,NA,"RH_fuera_0_100_por_ciento"
"BD 2022.xlsx","NO",7786,"2022-11-21 08:00:00","RH",101,NA,"RH_fuera_0_100_por_ciento"
"BD 2022.xlsx","NO",7788,"2022-11-21 10:00:00","RH",101,NA,"RH_fuera_0_100_por_ciento"
"BD 2022.xlsx","NO",7789,"2022-11-21 11:00:00","RH",101,NA,"RH_fuera_0_100_por_ciento"
"BD 2022.xlsx","NO",7800,"2022-11-21 22:00:00","RH",101,NA,"RH_fuera_0_100_por_ciento"
"BD 2022.xlsx","NO",7801,"2022-11-21 23:00:00","RH",101,NA,"RH_fuera_0_100_por_ciento"
"BD 2022.xlsx","NO",7802,"2022-11-22 00:00:00","RH",101,NA,"RH_fuera_0_100_por_ciento"
"BD 2022.xlsx","NO",7803,"2022-11-22 01:00:00","RH",101,NA,"RH_fuera_0_100_por_ciento"
"BD 2022.xlsx","NO",7804,"2022-11-22 02:00:00","RH",101,NA,"RH_fuera_0_100_por_ciento"
"BD 2022.xlsx","NO",7805,"2022-11-22 03:00:00","RH",101,NA,"RH_fuera_0_100_por_ciento"
"BD 2022.xlsx","NO",7806,"2022-11-22 04:00:00","RH",101,NA,"RH_fuera_0_100_por_ciento"
"BD 2022.xlsx","NO",7824,"2022-11-22 22:00:00","RH",101,NA,"RH_fuera_0_100_por_ciento"
"BD 2022.xlsx","NO",7825,"2022-11-22 23:00:00","RH",101,NA,"RH_fuera_0_100_por_ciento"
"BD 2022.xlsx","NO",7826,"2022-11-23 00:00:00","RH",101,NA,"RH_fuera_0_100_por_ciento"
"BD 2022.xlsx","NO",7827,"2022-11-23 01:00:00","RH",101,NA,"RH_fuera_0_100_por_ciento"
"BD 2022.xlsx","NO",7828,"2022-11-23 02:00:00","RH",101,NA,"RH_fuera_0_100_por_ciento"
"BD 2022.xlsx","NO",7829,"2022-11-23 03:00:00","RH",101,NA,"RH_fuera_0_100_por_ciento"
"BD 2022.xlsx","NO",7830,"2022-11-23 04:00:00","RH",101,NA,"RH_fuera_0_100_por_ciento"
"BD 2022.xlsx","NO",7896,"2022-11-25 22:00:00","RH",101,NA,"RH_fuera_0_100_por_ciento"
"BD 2022.xlsx","NO",7897,"2022-11-25 23:00:00","RH",101,NA,"RH_fuera_0_100_por_ciento"
"BD 2022.xlsx","NO",8025,"2022-12-01 07:00:00","RH",101,NA,"RH_fuera_0_100_por_ciento"
"BD 2022.xlsx","NO",8026,"2022-12-01 08:00:00","RH",101,NA,"RH_fuera_0_100_por_ciento"
"BD 2022.xlsx","NO",8027,"2022-12-01 09:00:00","RH",101,NA,"RH_fuera_0_100_por_ciento"
"BD 2022.xlsx","NO",8040,"2022-12-01 22:00:00","RH",101,NA,"RH_fuera_0_100_por_ciento"
"BD 2022.xlsx","NO",8041,"2022-12-01 23:00:00","RH",101,NA,"RH_fuera_0_100_por_ciento"
"BD 2022.xlsx","NO",8042,"2022-12-02 00:00:00","RH",101,NA,"RH_fuera_0_100_por_ciento"
"BD 2022.xlsx","NO",8043,"2022-12-02 01:00:00","RH",101,NA,"RH_fuera_0_100_por_ciento"
"BD 2022.xlsx","NO",8044,"2022-12-02 02:00:00","RH",101,NA,"RH_fuera_0_100_por_ciento"
"BD 2022.xlsx","NO",8045,"2022-12-02 03:00:00","RH",101,NA,"RH_fuera_0_100_por_ciento"
"BD 2022.xlsx","NO",8046,"2022-12-02 04:00:00","RH",101,NA,"RH_fuera_0_100_por_ciento"
"BD 2022.xlsx","NO",8069,"2022-12-03 03:00:00","RH",101,NA,"RH_fuera_0_100_por_ciento"
"BD 2022.xlsx","NO",8070,"2022-12-03 04:00:00","RH",101,NA,"RH_fuera_0_100_por_ciento"
"BD 2022.xlsx","NO",8071,"2022-12-03 05:00:00","RH",101,NA,"RH_fuera_0_100_por_ciento"
"BD 2022.xlsx","NO",8072,"2022-12-03 06:00:00","RH",101,NA,"RH_fuera_0_100_por_ciento"
"BD 2022.xlsx","NO",8073,"2022-12-03 07:00:00","RH",101,NA,"RH_fuera_0_100_por_ciento"
"BD 2022.xlsx","NO",8074,"2022-12-03 08:00:00","RH",101,NA,"RH_fuera_0_100_por_ciento"
"BD 2022.xlsx","NO",8444,"2022-12-18 18:00:00","RH",101,NA,"RH_fuera_0_100_por_ciento"
"BD 2022.xlsx","NO",8445,"2022-12-18 19:00:00","RH",101,NA,"RH_fuera_0_100_por_ciento"
"BD 2022.xlsx","NO",8446,"2022-12-18 20:00:00","RH",101,NA,"RH_fuera_0_100_por_ciento"
"BD 2022.xlsx","NO",8447,"2022-12-18 21:00:00","RH",101,NA,"RH_fuera_0_100_por_ciento"
"BD 2022.xlsx","NO",8448,"2022-12-18 22:00:00","RH",101,NA,"RH_fuera_0_100_por_ciento"
"BD 2022.xlsx","NO",8449,"2022-12-18 23:00:00","RH",101,NA,"RH_fuera_0_100_por_ciento"
"BD 2022.xlsx","NO",8450,"2022-12-19 00:00:00","RH",101,NA,"RH_fuera_0_100_por_ciento"
"BD 2022.xlsx","NO",8473,"2022-12-19 23:00:00","RH",101,NA,"RH_fuera_0_100_por_ciento"
"BD 2022.xlsx","NO",8474,"2022-12-20 00:00:00","RH",101,NA,"RH_fuera_0_100_por_ciento"
"BD 2022.xlsx","NO",8475,"2022-12-20 01:00:00","RH",101,NA,"RH_fuera_0_100_por_ciento"
"BD 2022.xlsx","NO",8476,"2022-12-20 02:00:00","RH",101,NA,"RH_fuera_0_100_por_ciento"
"BD 2022.xlsx","NO",8501,"2022-12-21 03:00:00","RH",101,NA,"RH_fuera_0_100_por_ciento"
"BD 2022.xlsx","NO",8502,"2022-12-21 04:00:00","RH",101,NA,"RH_fuera_0_100_por_ciento"
"BD 2022.xlsx","NO",8503,"2022-12-21 05:00:00","RH",101,NA,"RH_fuera_0_100_por_ciento"
"BD 2022.xlsx","NTE",7927,"2022-11-27 05:00:00","RH",-9999,NA,"valor_-9999_no_utilizable"
"BD 2022.xlsx","NTE",7928,"2022-11-27 06:00:00","RH",-9999,NA,"valor_-9999_no_utilizable"
"BD 2023.xlsx","NE2",540,"2023-01-23 10:00:00","RH",102,NA,"RH_fuera_0_100_por_ciento"
"BD 2023.xlsx","NO",725,"2023-01-31 03:00:00","RH",101,NA,"RH_fuera_0_100_por_ciento"
"BD 2023.xlsx","NO",726,"2023-01-31 04:00:00","RH",101,NA,"RH_fuera_0_100_por_ciento"
"BD 2023.xlsx","NO",727,"2023-01-31 05:00:00","RH",101,NA,"RH_fuera_0_100_por_ciento"
"BD 2023.xlsx","NO",728,"2023-01-31 06:00:00","RH",101,NA,"RH_fuera_0_100_por_ciento"
"BD 2023.xlsx","NO",729,"2023-01-31 07:00:00","RH",101,NA,"RH_fuera_0_100_por_ciento"
"BD 2023.xlsx","NO",730,"2023-01-31 08:00:00","RH",101,NA,"RH_fuera_0_100_por_ciento"
"BD 2023.xlsx","NO",731,"2023-01-31 09:00:00","RH",101,NA,"RH_fuera_0_100_por_ciento"
"BD 2023.xlsx","NO",747,"2023-02-01 01:00:00","RH",101,NA,"RH_fuera_0_100_por_ciento"
"BD 2023.xlsx","NO",748,"2023-02-01 02:00:00","RH",101,NA,"RH_fuera_0_100_por_ciento"
"BD 2023.xlsx","NO",749,"2023-02-01 03:00:00","RH",101,NA,"RH_fuera_0_100_por_ciento"
"BD 2023.xlsx","NO",750,"2023-02-01 04:00:00","RH",101,NA,"RH_fuera_0_100_por_ciento"
"BD 2023.xlsx","NO",751,"2023-02-01 05:00:00","RH",101,NA,"RH_fuera_0_100_por_ciento"
"BD 2023.xlsx","NO",752,"2023-02-01 06:00:00","RH",101,NA,"RH_fuera_0_100_por_ciento"
"BD 2023.xlsx","NO",753,"2023-02-01 07:00:00","RH",101,NA,"RH_fuera_0_100_por_ciento"
"BD 2023.xlsx","NO",768,"2023-02-01 22:00:00","RH",101,NA,"RH_fuera_0_100_por_ciento"
"BD 2023.xlsx","NO",769,"2023-02-01 23:00:00","RH",101,NA,"RH_fuera_0_100_por_ciento"
"BD 2023.xlsx","NO",770,"2023-02-02 00:00:00","RH",101,NA,"RH_fuera_0_100_por_ciento"
"BD 2023.xlsx","NO",771,"2023-02-02 01:00:00","RH",101,NA,"RH_fuera_0_100_por_ciento"
"BD 2023.xlsx","NO",772,"2023-02-02 02:00:00","RH",101,NA,"RH_fuera_0_100_por_ciento"
"BD 2023.xlsx","NO",773,"2023-02-02 03:00:00","RH",101,NA,"RH_fuera_0_100_por_ciento"
"BD 2023.xlsx","NO",774,"2023-02-02 04:00:00","RH",101,NA,"RH_fuera_0_100_por_ciento"
"BD 2023.xlsx","NO",1873,"2023-03-20 00:00:00","RH",101,NA,"RH_fuera_0_100_por_ciento"
"BD 2023.xlsx","NO",1874,"2023-03-20 01:00:00","RH",101,NA,"RH_fuera_0_100_por_ciento"
"BD 2023.xlsx","NO",1877,"2023-03-20 04:00:00","RH",101,NA,"RH_fuera_0_100_por_ciento"
"BD 2023.xlsx","NO",1878,"2023-03-20 05:00:00","RH",101,NA,"RH_fuera_0_100_por_ciento"
"BD 2023.xlsx","NO",1879,"2023-03-20 06:00:00","RH",101,NA,"RH_fuera_0_100_por_ciento"
"BD 2023.xlsx","NO",1880,"2023-03-20 07:00:00","RH",101,NA,"RH_fuera_0_100_por_ciento"
"BD 2023.xlsx","NO",1881,"2023-03-20 08:00:00","RH",101,NA,"RH_fuera_0_100_por_ciento"
"BD 2023.xlsx","NO",1882,"2023-03-20 09:00:00","RH",101,NA,"RH_fuera_0_100_por_ciento"
"BD 2023.xlsx","NO",2100,"2023-03-29 11:00:00","RH",101,NA,"RH_fuera_0_100_por_ciento"
"BD 2023.xlsx","NO",2113,"2023-03-30 00:00:00","RH",101,NA,"RH_fuera_0_100_por_ciento"
"BD 2023.xlsx","NO",2114,"2023-03-30 01:00:00","RH",101,NA,"RH_fuera_0_100_por_ciento"
"BD 2023.xlsx","NO",2115,"2023-03-30 02:00:00","RH",101,NA,"RH_fuera_0_100_por_ciento"
"BD 2023.xlsx","NO",2116,"2023-03-30 03:00:00","RH",101,NA,"RH_fuera_0_100_por_ciento"
"BD 2023.xlsx","NO",2117,"2023-03-30 04:00:00","RH",101,NA,"RH_fuera_0_100_por_ciento"
"BD 2023.xlsx","NO",2118,"2023-03-30 05:00:00","RH",101,NA,"RH_fuera_0_100_por_ciento"
"BD 2023.xlsx","NO",2334,"2023-04-08 05:00:00","RH",101,NA,"RH_fuera_0_100_por_ciento"
"BD 2023.xlsx","NO",2335,"2023-04-08 06:00:00","RH",101,NA,"RH_fuera_0_100_por_ciento"
"BD 2023.xlsx","NO",2336,"2023-04-08 07:00:00","RH",101,NA,"RH_fuera_0_100_por_ciento"
"BD 2023.xlsx","NO",2354,"2023-04-09 01:00:00","RH",101,NA,"RH_fuera_0_100_por_ciento"
"BD 2023.xlsx","NO",2355,"2023-04-09 02:00:00","RH",101,NA,"RH_fuera_0_100_por_ciento"
"BD 2023.xlsx","NO",7256,"2023-10-30 07:00:00","RH",101,NA,"RH_fuera_0_100_por_ciento"
"BD 2023.xlsx","NO",7257,"2023-10-30 08:00:00","RH",101,NA,"RH_fuera_0_100_por_ciento"
"BD 2023.xlsx","NO",7587,"2023-11-13 03:00:00","RH",101,NA,"RH_fuera_0_100_por_ciento"
"BD 2023.xlsx","NO",7588,"2023-11-13 04:00:00","RH",101,NA,"RH_fuera_0_100_por_ciento"
"BD 2023.xlsx","NO",7589,"2023-11-13 05:00:00","RH",101,NA,"RH_fuera_0_100_por_ciento"
"BD 2023.xlsx","NO",7590,"2023-11-13 06:00:00","RH",101,NA,"RH_fuera_0_100_por_ciento"
"BD 2023.xlsx","NO",7591,"2023-11-13 07:00:00","RH",101,NA,"RH_fuera_0_100_por_ciento"
"BD 2023.xlsx","NO",7592,"2023-11-13 08:00:00","RH",101,NA,"RH_fuera_0_100_por_ciento"
"BD 2023.xlsx","NO",7593,"2023-11-13 09:00:00","RH",101,NA,"RH_fuera_0_100_por_ciento"
"BD 2023.xlsx","NO",7932,"2023-11-27 12:00:00","RH",101,NA,"RH_fuera_0_100_por_ciento"
"BD 2023.xlsx","NO",7933,"2023-11-27 13:00:00","RH",101,NA,"RH_fuera_0_100_por_ciento"
"BD 2023.xlsx","NO",7934,"2023-11-27 14:00:00","RH",101,NA,"RH_fuera_0_100_por_ciento"
"BD 2023.xlsx","NO",7938,"2023-11-27 18:00:00","RH",101,NA,"RH_fuera_0_100_por_ciento"
"BD 2023.xlsx","NO",7939,"2023-11-27 19:00:00","RH",101,NA,"RH_fuera_0_100_por_ciento"
"BD 2023.xlsx","NO",7944,"2023-11-28 00:00:00","RH",101,NA,"RH_fuera_0_100_por_ciento"
"BD 2023.xlsx","NO",7945,"2023-11-28 01:00:00","RH",101,NA,"RH_fuera_0_100_por_ciento"
"BD 2023.xlsx","NO",7946,"2023-11-28 02:00:00","RH",101,NA,"RH_fuera_0_100_por_ciento"
"BD 2023.xlsx","NO",7947,"2023-11-28 03:00:00","RH",101,NA,"RH_fuera_0_100_por_ciento"
"BD 2023.xlsx","NO",7948,"2023-11-28 04:00:00","RH",101,NA,"RH_fuera_0_100_por_ciento"
"BD 2023.xlsx","NO",7949,"2023-11-28 05:00:00","RH",101,NA,"RH_fuera_0_100_por_ciento"
"BD 2023.xlsx","NO",7950,"2023-11-28 06:00:00","RH",101,NA,"RH_fuera_0_100_por_ciento"
"BD 2023.xlsx","NO",7963,"2023-11-28 19:00:00","RH",101,NA,"RH_fuera_0_100_por_ciento"
"BD 2023.xlsx","NO",7973,"2023-11-29 05:00:00","RH",101,NA,"RH_fuera_0_100_por_ciento"
"BD 2023.xlsx","NO",7974,"2023-11-29 06:00:00","RH",101,NA,"RH_fuera_0_100_por_ciento"
"BD 2023.xlsx","NO",7975,"2023-11-29 07:00:00","RH",101,NA,"RH_fuera_0_100_por_ciento"
"BD 2023.xlsx","NO",7976,"2023-11-29 08:00:00","RH",101,NA,"RH_fuera_0_100_por_ciento"
"BD 2023.xlsx","NO",7977,"2023-11-29 09:00:00","RH",101,NA,"RH_fuera_0_100_por_ciento"
"BD 2023.xlsx","NO",7978,"2023-11-29 10:00:00","RH",101,NA,"RH_fuera_0_100_por_ciento"
"BD 2023.xlsx","NO",7979,"2023-11-29 11:00:00","RH",101,NA,"RH_fuera_0_100_por_ciento"
"BD 2023.xlsx","NO",8022,"2023-12-01 06:00:00","RH",101,NA,"RH_fuera_0_100_por_ciento"
"BD 2023.xlsx","NO",8023,"2023-12-01 07:00:00","RH",101,NA,"RH_fuera_0_100_por_ciento"
"BD 2023.xlsx","NO",8042,"2023-12-02 02:00:00","RH",101,NA,"RH_fuera_0_100_por_ciento"
"BD 2023.xlsx","NO",8043,"2023-12-02 03:00:00","RH",101,NA,"RH_fuera_0_100_por_ciento"
"BD 2023.xlsx","NO",8044,"2023-12-02 04:00:00","RH",101,NA,"RH_fuera_0_100_por_ciento"
"BD 2023.xlsx","NO",8045,"2023-12-02 05:00:00","RH",101,NA,"RH_fuera_0_100_por_ciento"
"BD 2023.xlsx","NO",8046,"2023-12-02 06:00:00","RH",101,NA,"RH_fuera_0_100_por_ciento"
"BD 2023.xlsx","NO",8047,"2023-12-02 07:00:00","RH",101,NA,"RH_fuera_0_100_por_ciento"
"BD 2023.xlsx","NO",8048,"2023-12-02 08:00:00","RH",101,NA,"RH_fuera_0_100_por_ciento"
"BD 2023.xlsx","NO",8479,"2023-12-20 07:00:00","RH",101,NA,"RH_fuera_0_100_por_ciento"
"BD 2023.xlsx","NO",8480,"2023-12-20 08:00:00","RH",101,NA,"RH_fuera_0_100_por_ciento"
"BD 2023.xlsx","NO",8481,"2023-12-20 09:00:00","RH",101,NA,"RH_fuera_0_100_por_ciento"
"BD 2023.xlsx","NO3",421,"2023-01-18 11:00:00","RH",104,NA,"RH_fuera_0_100_por_ciento"
"BD 2023.xlsx","NO3",1093,"2023-02-15 11:00:00","RH",102,NA,"RH_fuera_0_100_por_ciento"
"BD 2023.xlsx","NO3",1286,"2023-02-23 12:00:00","RH",102,NA,"RH_fuera_0_100_por_ciento"
"BD 2023.xlsx","NO3",1287,"2023-02-23 13:00:00","RH",102,NA,"RH_fuera_0_100_por_ciento"
"BD 2023.xlsx","NO3",1381,"2023-02-27 11:00:00","RH",110,NA,"RH_fuera_0_100_por_ciento"
"BD 2023.xlsx","NO3",1382,"2023-02-27 12:00:00","RH",111,NA,"RH_fuera_0_100_por_ciento"
"BD 2023.xlsx","NO3",1383,"2023-02-27 13:00:00","RH",101,NA,"RH_fuera_0_100_por_ciento"
"BD 2023.xlsx","NO3",1405,"2023-02-28 11:00:00","RH",104,NA,"RH_fuera_0_100_por_ciento"
"BD 2023.xlsx","NO3",1406,"2023-02-28 12:00:00","RH",101,NA,"RH_fuera_0_100_por_ciento"
"BD 2023.xlsx","NO3",1429,"2023-03-01 11:00:00","RH",116,NA,"RH_fuera_0_100_por_ciento"
"BD 2023.xlsx","NO3",1430,"2023-03-01 12:00:00","RH",116,NA,"RH_fuera_0_100_por_ciento"
"BD 2023.xlsx","NO3",1431,"2023-03-01 13:00:00","RH",109,NA,"RH_fuera_0_100_por_ciento"
"BD 2024.xlsx","NE2",4006,"2024-06-15 22:00:00","RH",113,NA,"RH_fuera_0_100_por_ciento"
"BD 2024.xlsx","NO",367,"2024-01-16 05:00:00","RH",101,NA,"RH_fuera_0_100_por_ciento"
"BD 2024.xlsx","NO",369,"2024-01-16 07:00:00","RH",101,NA,"RH_fuera_0_100_por_ciento"
"BD 2024.xlsx","NO",370,"2024-01-16 08:00:00","RH",101,NA,"RH_fuera_0_100_por_ciento"
"BD 2024.xlsx","NO",371,"2024-01-16 09:00:00","RH",101,NA,"RH_fuera_0_100_por_ciento"
"BD 2024.xlsx","NO",372,"2024-01-16 10:00:00","RH",102,NA,"RH_fuera_0_100_por_ciento"
"BD 2024.xlsx","NO",373,"2024-01-16 11:00:00","RH",101,NA,"RH_fuera_0_100_por_ciento"
"BD 2024.xlsx","NO",480,"2024-01-20 22:00:00","RH",101,NA,"RH_fuera_0_100_por_ciento"
"BD 2024.xlsx","NO",481,"2024-01-20 23:00:00","RH",101,NA,"RH_fuera_0_100_por_ciento"
"BD 2024.xlsx","NO",482,"2024-01-21 00:00:00","RH",101,NA,"RH_fuera_0_100_por_ciento"
"BD 2024.xlsx","NO",483,"2024-01-21 01:00:00","RH",101,NA,"RH_fuera_0_100_por_ciento"
"BD 2024.xlsx","NO",484,"2024-01-21 02:00:00","RH",101,NA,"RH_fuera_0_100_por_ciento"
"BD 2024.xlsx","NO",485,"2024-01-21 03:00:00","RH",101,NA,"RH_fuera_0_100_por_ciento"
"BD 2024.xlsx","NO",486,"2024-01-21 04:00:00","RH",101,NA,"RH_fuera_0_100_por_ciento"
"BD 2024.xlsx","NO",502,"2024-01-21 20:00:00","RH",101,NA,"RH_fuera_0_100_por_ciento"
"BD 2024.xlsx","NO",503,"2024-01-21 21:00:00","RH",101,NA,"RH_fuera_0_100_por_ciento"
"BD 2024.xlsx","NO",504,"2024-01-21 22:00:00","RH",101,NA,"RH_fuera_0_100_por_ciento"
"BD 2024.xlsx","NO",505,"2024-01-21 23:00:00","RH",101,NA,"RH_fuera_0_100_por_ciento"
"BD 2024.xlsx","NO",506,"2024-01-22 00:00:00","RH",101,NA,"RH_fuera_0_100_por_ciento"
"BD 2024.xlsx","NO",507,"2024-01-22 01:00:00","RH",101,NA,"RH_fuera_0_100_por_ciento"
"BD 2024.xlsx","NO",508,"2024-01-22 02:00:00","RH",101,NA,"RH_fuera_0_100_por_ciento"
"BD 2024.xlsx","NTE",2688,"2024-04-22 00:00:00","RH",139,NA,"RH_fuera_0_100_por_ciento"
"BD 2024.xlsx","NTE",2689,"2024-04-22 01:00:00","RH",151,NA,"RH_fuera_0_100_por_ciento"
"BD 2024.xlsx","NTE",2690,"2024-04-22 02:00:00","RH",121,NA,"RH_fuera_0_100_por_ciento"
"BD 2024.xlsx","NTE",2691,"2024-04-22 03:00:00","RH",103,NA,"RH_fuera_0_100_por_ciento"
"BD 2025.xlsx","NTE2",6431,"2025-09-25 22:00:00","RH",-9999,NA,"valor_-9999_no_utilizable"
"BD 2025.xlsx","SE2",5731,"2025-08-27 18:00:00","RH",-9999,NA,"valor_-9999_no_utilizable"
"BD 2025.xlsx","SE2",6061,"2025-09-10 12:00:00","RH",723.5,NA,"RH_fuera_0_100_por_ciento"
"BD 2025.xlsx","SE2",6107,"2025-09-12 10:00:00","RH",722.6,NA,"RH_fuera_0_100_por_ciento"
"BD 2025.xlsx","SE2",6112,"2025-09-12 15:00:00","RH",723.3,NA,"RH_fuera_0_100_por_ciento"
"BD 2025.xlsx","SE2",6590,"2025-10-02 13:00:00","RH",721.9,NA,"RH_fuera_0_100_por_ciento"
"BD 2025.xlsx","SE2",6712,"2025-10-07 15:00:00","RH",723.7,NA,"RH_fuera_0_100_por_ciento"
"BD 2025.xlsx","SE2",6733,"2025-10-08 12:00:00","RH",723.1,NA,"RH_fuera_0_100_por_ciento"
"BD 2025.xlsx","SE2",6736,"2025-10-08 15:00:00","RH",723.8,NA,"RH_fuera_0_100_por_ciento"
"BD 2025.xlsx","SE2",6925,"2025-10-16 12:00:00","RH",725,NA,"RH_fuera_0_100_por_ciento"
"BD 2025.xlsx","SE2",7572,"2025-11-12 11:00:00","RH",725,NA,"RH_fuera_0_100_por_ciento"
"BD 2025.xlsx","SE2",7910,"2025-11-26 13:00:00","RH",-9999,NA,"valor_-9999_no_utilizable"
"BD 2025.xlsx","SE3",5731,"2025-08-27 18:00:00","RH",-9999,NA,"valor_-9999_no_utilizable"
"BD 2025.xlsx","SO",5757,"2025-08-28 20:00:00","RH",-9999,NA,"valor_-9999_no_utilizable"
"BD 2025.xlsx","SO",5773,"2025-08-29 12:00:00","RH",-9999,NA,"valor_-9999_no_utilizable"
"BD 2025.xlsx","SO2",6018,"2025-09-08 17:00:00","RH",-9999,NA,"valor_-9999_no_utilizable"
"BD 2026 ene-jul.xlsx","NO",583,"2026-01-25 05:00:00","RH",101,NA,"RH_fuera_0_100_por_ciento"
"BD 2026 ene-jul.xlsx","NO",584,"2026-01-25 06:00:00","RH",101,NA,"RH_fuera_0_100_por_ciento"
"BD 2026 ene-jul.xlsx","NO",585,"2026-01-25 07:00:00","RH",101,NA,"RH_fuera_0_100_por_ciento"
"BD 2026 ene-jul.xlsx","NO",586,"2026-01-25 08:00:00","RH",101,NA,"RH_fuera_0_100_por_ciento"
"BD 2026 ene-jul.xlsx","NO",587,"2026-01-25 09:00:00","RH",101,NA,"RH_fuera_0_100_por_ciento"
"BD 2026 ene-jul.xlsx","NO",588,"2026-01-25 10:00:00","RH",101,NA,"RH_fuera_0_100_por_ciento"
"BD 2026 ene-jul.xlsx","NO",589,"2026-01-25 11:00:00","RH",101,NA,"RH_fuera_0_100_por_ciento"
"BD 2021.xlsx","NO2",7166,"2021-10-26 13:00:00","SR",-9999,NA,"valor_-9999_no_utilizable"
"BD 2021.xlsx","NO2",7167,"2021-10-26 14:00:00","SR",-9999,NA,"valor_-9999_no_utilizable"
"BD 2021.xlsx","NO2",7168,"2021-10-26 15:00:00","SR",-9999,NA,"valor_-9999_no_utilizable"
"BD 2021.xlsx","NO2",7169,"2021-10-26 16:00:00","SR",-9999,NA,"valor_-9999_no_utilizable"
"BD 2021.xlsx","NO2",7170,"2021-10-26 17:00:00","SR",-9999,NA,"valor_-9999_no_utilizable"
"BD 2021.xlsx","NO2",7171,"2021-10-26 18:00:00","SR",-9999,NA,"valor_-9999_no_utilizable"
"BD 2021.xlsx","NO2",7172,"2021-10-26 19:00:00","SR",-9999,NA,"valor_-9999_no_utilizable"
"BD 2021.xlsx","NO2",7173,"2021-10-26 20:00:00","SR",-9999,NA,"valor_-9999_no_utilizable"
"BD 2021.xlsx","NO2",7174,"2021-10-26 21:00:00","SR",-9999,NA,"valor_-9999_no_utilizable"
"BD 2021.xlsx","NO2",7175,"2021-10-26 22:00:00","SR",-9999,NA,"valor_-9999_no_utilizable"
"BD 2022.xlsx","NTE",8096,"2022-12-04 06:00:00","SR",-9999,NA,"valor_-9999_no_utilizable"
"BD 2022.xlsx","NE2",8681,"2022-12-28 15:00:00","TOUT",112.39,NA,"temperatura_fuera_filtro_amplio_C"
"BD 2024.xlsx","NE",8024,"2024-11-30 06:00:00","TOUT",-9999,NA,"valor_-9999_no_utilizable"
"BD 2024.xlsx","NE",8041,"2024-11-30 23:00:00","TOUT",785,NA,"temperatura_fuera_filtro_amplio_C"
"BD 2025.xlsx","NTE2",6431,"2025-09-25 22:00:00","WSR",-9999,NA,"valor_-9999_no_utilizable"
"BD 2025.xlsx","SO2",775,"2025-02-02 05:00:00","WDR",-9999,NA,"valor_-9999_no_utilizable"
