variable,registros,faltantes_antes,porcentaje_antes,faltantes,porcentaje
"CO",830908,111808,13.4561226995046,111808,13.4561226995046
"NO",830908,134880,16.2328440693795,134880,16.2328440693795
"NO2",830908,138233,16.6363785160331,138233,16.6363785160331
"NOX",830908,133805,16.1034675319049,133807,16.1037082324397
"O3",830908,113198,13.6234095712161,113198,13.6234095712161
"PM10",830908,36691,4.41577166184463,36691,4.41577166184463
"PM2.5",830908,199373,23.9945938659876,199373,23.9945938659876
"PRS",830908,46047,5.54176876381019,46049,5.54200946434503
"RAINF",830908,40782,4.90812460585287,40783,4.90824495612029
"RH",830908,103938,12.5089660949227,104239,12.5451915254156
"SO2",830908,116991,14.0798981355337,116991,14.0798981355337
"SR",830908,46611,5.60964631463411,46622,5.61097016757571
"TOUT",830908,60014,7.22270094884151,60017,7.22306199964376
"WDR",830908,66130,7.9587631843718,66131,7.95888353463921
"WSR",830908,54472,6.55571976680932,54473,6.55584011707674
