estacion,anio,variable,faltantes,registros,porcentaje
"CE",2020,"CO",122,8784,1.38888888888889
"CE",2021,"CO",655,8760,7.47716894977169
"CE",2022,"CO",147,8760,1.67808219178082
"CE",2023,"CO",219,8758,2.50057090659968
"CE",2024,"CO",187,8784,2.12887067395264
"CE",2025,"CO",1711,8759,19.5341934010732
"CE",2026,"CO",1086,5087,21.3485354826027
"NE",2020,"CO",4141,8776,47.1855059252507
"NE",2021,"CO",294,8759,3.35654755109031
"NE",2022,"CO",136,8760,1.55251141552511
"NE",2023,"CO",443,8758,5.05823247316739
"NE",2024,"CO",164,8784,1.86703096539162
"NE",2025,"CO",870,8758,9.93377483443709
"NE",2026,"CO",837,5087,16.4537055238844
"NE2",2020,"CO",2856,8776,32.5432999088423
"NE2",2021,"CO",666,8759,7.603607717776
"NE2",2022,"CO",108,8760,1.23287671232877
"NE2",2023,"CO",673,8758,7.68440283169673
"NE2",2024,"CO",1546,8782,17.6041903894329
"NE2",2025,"CO",2124,8758,24.2521123544188
"NE2",2026,"CO",478,5087,9.39650088460782
"NE3",2021,"CO",558,8759,6.37059025002854
"NE3",2022,"CO",452,8760,5.15981735159817
"NE3",2023,"CO",201,8757,2.29530661185337
"NE3",2024,"CO",415,8782,4.72557503985425
"NE3",2025,"CO",2194,8759,25.0485215207215
"NE3",2026,"CO",743,5087,14.6058580695891
"NO",2020,"CO",8333,8778,94.9305080884028
"NO",2021,"CO",1678,8759,19.1574380637059
"NO",2022,"CO",428,8760,4.88584474885845
"NO",2023,"CO",188,8758,2.1466088147979
"NO",2024,"CO",3025,8783,34.4415347831037
"NO",2025,"CO",583,8759,6.65601096015527
"NO",2026,"CO",965,5087,18.9699233339886
"NO2",2020,"CO",108,8776,1.2306289881495
"NO2",2021,"CO",315,8759,3.59630094759676
"NO2",2022,"CO",315,8760,3.5958904109589
"NO2",2023,"CO",180,8759,2.05502911291243
"NO2",2024,"CO",216,8782,2.45957640628558
"NO2",2025,"CO",294,8758,3.35693080612012
"NO2",2026,"CO",695,5087,13.6622763908001
"NO3",2022,"CO",0,743,0
"NO3",2023,"CO",1551,8759,17.7075008562621
"NO3",2024,"CO",974,8784,11.0883424408015
"NO3",2025,"CO",2506,8759,28.6105719831031
"NO3",2026,"CO",781,5087,15.3528602319638
"NTE",2020,"CO",8712,8777,99.2594280505868
"NTE",2021,"CO",2274,8759,25.9618677931271
"NTE",2022,"CO",167,8760,1.90639269406393
"NTE",2023,"CO",537,8758,6.13153688056634
"NTE",2024,"CO",99,8782,1.12730585288089
"NTE",2025,"CO",154,8759,1.75819157438064
"NTE",2026,"CO",546,5087,10.7332415962257
"NTE2",2020,"CO",2104,8776,23.9744758432088
"NTE2",2021,"CO",115,8759,1.31293526658294
"NTE2",2022,"CO",64,8760,0.730593607305936
"NTE2",2023,"CO",284,8758,3.24274948618406
"NTE2",2024,"CO",157,8782,1.7877476656798
"NTE2",2025,"CO",218,8758,2.48915277460607
"NTE2",2026,"CO",518,5087,10.1828189502654
"SE",2020,"CO",1067,8779,12.1540038728785
"SE",2021,"CO",402,8759,4.58956501883777
"SE",2022,"CO",95,8760,1.08447488584475
"SE",2023,"CO",97,8758,1.10755880337977
"SE",2024,"CO",914,8784,10.4052823315118
"SE",2025,"CO",2553,8759,29.1471629181413
"SE",2026,"CO",828,5087,16.2767839591115
"SE2",2020,"CO",8692,8776,99.0428441203282
"SE2",2021,"CO",1049,8760,11.9748858447489
"SE2",2022,"CO",597,8760,6.81506849315069
"SE2",2023,"CO",861,8758,9.83101164649463
"SE2",2024,"CO",1111,8782,12.6508767934411
"SE2",2025,"CO",1866,8759,21.3038018038589
"SE2",2026,"CO",965,5087,18.9699233339886
"SE3",2020,"CO",918,8776,10.4603463992707
"SE3",2021,"CO",481,8759,5.49149446283822
"SE3",2022,"CO",286,8760,3.2648401826484
"SE3",2023,"CO",446,8758,5.09248686914821
"SE3",2024,"CO",1217,8782,13.8578911409702
"SE3",2025,"CO",836,8758,9.54555834665449
"SE3",2026,"CO",1081,5087,21.2502457243955
"SO",2020,"CO",4314,8777,49.1511906118264
"SO",2021,"CO",750,8760,8.56164383561644
"SO",2022,"CO",1019,8760,11.6324200913242
"SO",2023,"CO",41,8758,0.46814341173784
"SO",2024,"CO",264,8784,3.00546448087432
"SO",2025,"CO",424,8758,4.84128796528888
"SO",2026,"CO",520,5087,10.2221348535483
"SO2",2020,"CO",38,8776,0.432999088422972
"SO2",2021,"CO",1057,8759,12.067587624158
"SO2",2022,"CO",169,8760,1.92922374429224
"SO2",2023,"CO",161,8758,1.83831925097054
"SO2",2024,"CO",82,8782,0.933728080163972
"SO2",2025,"CO",845,8758,9.64832153459694
"SO2",2026,"CO",552,5087,10.8511893060743
"SUR",2020,"CO",8396,8775,95.6809116809117
"SUR",2021,"CO",683,8759,7.79769380066218
"SUR",2022,"CO",279,8760,3.18493150684932
"SUR",2023,"CO",249,8757,2.84343953408702
"SUR",2024,"CO",1116,8782,12.7078114324755
"SUR",2025,"CO",606,8759,6.91859801347186
"SUR",2026,"CO",771,5087,15.1562807155494
"CE",2020,"NO",980,8784,11.1566484517304
"CE",2021,"NO",1541,8760,17.5913242009132
"CE",2022,"NO",500,8760,5.70776255707763
"CE",2023,"NO",470,8758,5.36652203699475
"CE",2024,"NO",283,8784,3.22176684881603
"CE",2025,"NO",1000,8759,11.4168284050691
"CE",2026,"NO",691,5087,13.5836445842343
"NE",2020,"NO",5355,8776,61.0186873290793
"NE",2021,"NO",922,8759,10.5263157894737
"NE",2022,"NO",172,8760,1.9634703196347
"NE",2023,"NO",150,8758,1.71271979904088
"NE",2024,"NO",168,8784,1.91256830601093
"NE",2025,"NO",1159,8758,13.2336149805892
"NE",2026,"NO",799,5087,15.7067033615097
"NE2",2020,"NO",8601,8776,98.0059252506837
"NE2",2021,"NO",1684,8759,19.2259390341363
"NE2",2022,"NO",183,8760,2.08904109589041
"NE2",2023,"NO",184,8758,2.10093628682348
"NE2",2024,"NO",270,8782,3.07447050785698
"NE2",2025,"NO",3604,8758,41.1509477049555
"NE2",2026,"NO",2284,5087,44.8987615490466
"NE3",2021,"NO",484,8759,5.52574494805343
"NE3",2022,"NO",427,8760,4.87442922374429
"NE3",2023,"NO",577,8757,6.58901450268357
"NE3",2024,"NO",560,8782,6.37667957185152
"NE3",2025,"NO",1593,8759,18.187007649275
"NE3",2026,"NO",636,5087,12.5024572439552
"NO",2020,"NO",5195,8778,59.1820460241513
"NO",2021,"NO",546,8759,6.23358830916771
"NO",2022,"NO",1233,8760,14.0753424657534
"NO",2023,"NO",442,8758,5.04681434117378
"NO",2024,"NO",2041,8783,23.2380735511784
"NO",2025,"NO",1252,8759,14.2938691631465
"NO",2026,"NO",644,5087,12.6597208570867
"NO2",2020,"NO",1046,8776,11.918869644485
"NO2",2021,"NO",599,8759,6.83868021463637
"NO2",2022,"NO",238,8760,2.71689497716895
"NO2",2023,"NO",165,8759,1.8837766868364
"NO2",2024,"NO",426,8782,4.8508312457299
"NO2",2025,"NO",2735,8758,31.228591002512
"NO2",2026,"NO",172,5087,3.3811676823275
"NO3",2022,"NO",0,743,0
"NO3",2023,"NO",1396,8759,15.9378924534764
"NO3",2024,"NO",1275,8784,14.5150273224044
"NO3",2025,"NO",5118,8759,58.4313277771435
"NO3",2026,"NO",363,5087,7.13583644584234
"NTE",2020,"NO",8777,8777,100
"NTE",2021,"NO",2907,8759,33.1887201735358
"NTE",2022,"NO",320,8760,3.65296803652968
"NTE",2023,"NO",451,8758,5.14957752911624
"NTE",2024,"NO",294,8782,3.34775677522205
"NTE",2025,"NO",289,8759,3.29946340906496
"NTE",2026,"NO",364,5087,7.15549439748378
"NTE2",2020,"NO",6711,8776,76.4699179580675
"NTE2",2021,"NO",1800,8759,20.5502911291243
"NTE2",2022,"NO",66,8760,0.753424657534247
"NTE2",2023,"NO",56,8758,0.639415391641927
"NTE2",2024,"NO",117,8782,1.33227055340469
"NTE2",2025,"NO",132,8758,1.50719342315597
"NTE2",2026,"NO",30,5087,0.589738549243169
"SE",2020,"NO",8779,8779,100
"SE",2021,"NO",2772,8759,31.6474483388515
"SE",2022,"NO",378,8760,4.31506849315069
"SE",2023,"NO",224,8758,2.55766156656771
"SE",2024,"NO",178,8784,2.0264116575592
"SE",2025,"NO",519,8759,5.92533394223085
"SE",2026,"NO",226,5087,4.44269707096521
"SE2",2020,"NO",7918,8776,90.2233363719234
"SE2",2021,"NO",2196,8760,25.0684931506849
"SE2",2022,"NO",459,8760,5.23972602739726
"SE2",2023,"NO",172,8758,1.96391870290021
"SE2",2024,"NO",510,8782,5.80733318150763
"SE2",2025,"NO",512,8759,5.84541614339537
"SE2",2026,"NO",922,5087,18.1246314134067
"SE3",2020,"NO",155,8776,1.7661804922516
"SE3",2021,"NO",781,8759,8.91654298435894
"SE3",2022,"NO",297,8760,3.39041095890411
"SE3",2023,"NO",294,8758,3.35693080612012
"SE3",2024,"NO",245,8782,2.78979731268504
"SE3",2025,"NO",204,8758,2.32929892669559
"SE3",2026,"NO",283,5087,5.56320031452723
"SO",2020,"NO",3036,8777,34.5904067449015
"SO",2021,"NO",600,8760,6.84931506849315
"SO",2022,"NO",273,8760,3.11643835616438
"SO",2023,"NO",234,8758,2.67184288650377
"SO",2024,"NO",289,8784,3.29007285974499
"SO",2025,"NO",577,8758,6.58826216031057
"SO",2026,"NO",432,5087,8.49223510910163
"SO2",2020,"NO",4394,8776,50.0683682771194
"SO2",2021,"NO",762,8759,8.69962324466263
"SO2",2022,"NO",269,8760,3.07077625570776
"SO2",2023,"NO",193,8758,2.20369947476593
"SO2",2024,"NO",100,8782,1.13869278068777
"SO2",2025,"NO",121,8758,1.38159397122631
"SO2",2026,"NO",169,5087,3.32219382740318
"SUR",2020,"NO",8775,8775,100
"SUR",2021,"NO",1806,8759,20.6187920995547
"SUR",2022,"NO",277,8760,3.162100456621
"SUR",2023,"NO",444,8757,5.07022953066119
"SUR",2024,"NO",459,8782,5.22659986335687
"SUR",2025,"NO",685,8759,7.82052745747231
"SUR",2026,"NO",484,5087,9.51444859445646
"CE",2020,"NO2",1018,8784,11.5892531876138
"CE",2021,"NO2",1589,8760,18.1392694063927
"CE",2022,"NO2",155,8760,1.76940639269406
"CE",2023,"NO2",166,8758,1.89540991093857
"CE",2024,"NO2",283,8784,3.22176684881603
"CE",2025,"NO2",354,8759,4.04155725539445
"CE",2026,"NO2",613,5087,12.0503243562021
"NE",2020,"NO2",8776,8776,100
"NE",2021,"NO2",1394,8759,15.9150587966663
"NE",2022,"NO2",141,8760,1.60958904109589
"NE",2023,"NO2",98,8758,1.11897693537337
"NE",2024,"NO2",140,8784,1.59380692167577
"NE",2025,"NO2",1115,8758,12.7312171728705
"NE",2026,"NO2",758,5087,14.9007273442107
"NE2",2020,"NO2",8579,8776,97.7552415679125
"NE2",2021,"NO2",1694,8759,19.340107318187
"NE2",2022,"NO2",215,8760,2.45433789954338
"NE2",2023,"NO2",177,8758,2.02100936286823
"NE2",2024,"NO2",259,8782,2.94921430198133
"NE2",2025,"NO2",3577,8758,40.8426581411281
"NE2",2026,"NO2",1452,5087,28.5433457833694
"NE3",2021,"NO2",475,8759,5.42299349240781
"NE3",2022,"NO2",427,8760,4.87442922374429
"NE3",2023,"NO2",575,8757,6.56617563092383
"NE3",2024,"NO2",552,8782,6.28558414939649
"NE3",2025,"NO2",1510,8759,17.2394108916543
"NE3",2026,"NO2",498,5087,9.7896599174366
"NO",2020,"NO2",7666,8778,87.3319662793347
"NO",2021,"NO2",580,8759,6.62176047494006
"NO",2022,"NO2",1219,8760,13.9155251141553
"NO",2023,"NO2",241,8758,2.75176981045901
"NO",2024,"NO2",2035,8783,23.1697597631789
"NO",2025,"NO2",977,8759,11.1542413517525
"NO",2026,"NO2",581,5087,11.421269903676
"NO2",2020,"NO2",3496,8776,39.8359161349134
"NO2",2021,"NO2",592,8759,6.75876241580089
"NO2",2022,"NO2",237,8760,2.70547945205479
"NO2",2023,"NO2",123,8759,1.4042698938235
"NO2",2024,"NO2",322,8782,3.66659075381462
"NO2",2025,"NO2",2635,8758,30.0867778031514
"NO2",2026,"NO2",79,5087,1.55297817967368
"NO3",2022,"NO2",0,743,0
"NO3",2023,"NO2",1371,8759,15.6524717433497
"NO3",2024,"NO2",1274,8784,14.5036429872495
"NO3",2025,"NO2",5118,8759,58.4313277771435
"NO3",2026,"NO2",331,5087,6.5067819933163
"NTE",2020,"NO2",8777,8777,100
"NTE",2021,"NO2",2911,8759,33.2343874871561
"NTE",2022,"NO2",317,8760,3.61872146118721
"NTE",2023,"NO2",451,8758,5.14957752911624
"NTE",2024,"NO2",177,8782,2.01548622181735
"NTE",2025,"NO2",143,8759,1.63260646192488
"NTE",2026,"NO2",266,5087,5.22901513662276
"NTE2",2020,"NO2",7178,8776,81.7912488605287
"NTE2",2021,"NO2",1808,8759,20.6416257563649
"NTE2",2022,"NO2",67,8760,0.764840182648402
"NTE2",2023,"NO2",51,8758,0.582324731673898
"NTE2",2024,"NO2",107,8782,1.21840127533591
"NTE2",2025,"NO2",129,8758,1.47293902717515
"NTE2",2026,"NO2",19,5087,0.37350108118734
"SE",2020,"NO2",8779,8779,100
"SE",2021,"NO2",1864,8759,21.2809681470488
"SE",2022,"NO2",379,8760,4.32648401826484
"SE",2023,"NO2",63,8758,0.719342315597168
"SE",2024,"NO2",114,8784,1.29781420765027
"SE",2025,"NO2",330,8759,3.76755337367279
"SE",2026,"NO2",102,5087,2.00511106742677
"SE2",2020,"NO2",7926,8776,90.3144940747493
"SE2",2021,"NO2",2189,8760,24.9885844748858
"SE2",2022,"NO2",344,8760,3.92694063926941
"SE2",2023,"NO2",64,8758,0.730760447590774
"SE2",2024,"NO2",551,8782,6.27419722158962
"SE2",2025,"NO2",251,8759,2.86562392967234
"SE2",2026,"NO2",1491,5087,29.3100058973855
"SE3",2020,"NO2",136,8776,1.54968094804011
"SE3",2021,"NO2",770,8759,8.79095787190319
"SE3",2022,"NO2",178,8760,2.03196347031963
"SE3",2023,"NO2",215,8758,2.45489837862526
"SE3",2024,"NO2",242,8782,2.7556365292644
"SE3",2025,"NO2",184,8758,2.10093628682348
"SE3",2026,"NO2",81,5087,1.59229408295656
"SO",2020,"NO2",4158,8777,47.3738179332346
"SO",2021,"NO2",543,8760,6.1986301369863
"SO",2022,"NO2",235,8760,2.68264840182648
"SO",2023,"NO2",270,8758,3.08289563827358
"SO",2024,"NO2",259,8784,2.94854280510018
"SO",2025,"NO2",539,8758,6.15437314455355
"SO",2026,"NO2",437,5087,8.59052486730883
"SO2",2020,"NO2",4085,8776,46.5474020054695
"SO2",2021,"NO2",753,8759,8.59687178901701
"SO2",2022,"NO2",158,8760,1.80365296803653
"SO2",2023,"NO2",90,8758,1.02763187942453
"SO2",2024,"NO2",31,8782,0.352994762013209
"SO2",2025,"NO2",49,8758,0.559488467686687
"SO2",2026,"NO2",67,5087,1.31708275997641
"SUR",2020,"NO2",8775,8775,100
"SUR",2021,"NO2",1793,8759,20.4703733302889
"SUR",2022,"NO2",276,8760,3.15068493150685
"SUR",2023,"NO2",393,8757,4.48783830078794
"SUR",2024,"NO2",360,8782,4.09929401047597
"SUR",2025,"NO2",487,8759,5.55999543326864
"SUR",2026,"NO2",354,5087,6.95891488106939
"CE",2020,"NOX",1034,8784,11.7714025500911
"CE",2021,"NOX",1697,8760,19.3721461187215
"CE",2022,"NOX",152,8760,1.7351598173516
"CE",2023,"NOX",168,8758,1.91824617492578
"CE",2024,"NOX",283,8784,3.22176684881603
"CE",2025,"NOX",354,8759,4.04155725539445
"CE",2026,"NOX",612,5087,12.0306664045606
"NE",2020,"NOX",8776,8776,100
"NE",2021,"NOX",1391,8759,15.8808083114511
"NE",2022,"NOX",141,8760,1.60958904109589
"NE",2023,"NOX",101,8758,1.15323133135419
"NE",2024,"NOX",139,8784,1.58242258652095
"NE",2025,"NOX",1118,8758,12.7654715688513
"NE",2026,"NOX",756,5087,14.8614114409279
"NE2",2020,"NOX",8201,8776,93.4480401093892
"NE2",2021,"NOX",1687,8759,19.2601895193515
"NE2",2022,"NOX",177,8760,2.02054794520548
"NE2",2023,"NOX",175,8758,1.99817309888102
"NE2",2024,"NOX",259,8782,2.94921430198133
"NE2",2025,"NOX",3543,8758,40.4544416533455
"NE2",2026,"NOX",1569,5087,30.8433261254177
"NE3",2021,"NOX",480,8759,5.48007763443316
"NE3",2022,"NOX",436,8760,4.97716894977169
"NE3",2023,"NOX",578,8757,6.60043393856344
"NE3",2024,"NOX",561,8782,6.38806649965839
"NE3",2025,"NOX",1518,8759,17.3307455188949
"NE3",2026,"NOX",505,5087,9.92726557892668
"NO",2020,"NOX",7515,8778,85.6117566643883
"NO",2021,"NOX",493,8759,5.62849640369905
"NO",2022,"NOX",1227,8760,14.0068493150685
"NO",2023,"NOX",244,8758,2.78602420643983
"NO",2024,"NOX",1925,8783,21.9173403165206
"NO",2025,"NOX",1226,8759,13.9970316246147
"NO",2026,"NOX",931,5087,18.3015529781797
"NO2",2020,"NOX",1042,8776,11.873290793072
"NO2",2021,"NOX",594,8759,6.78159607261103
"NO2",2022,"NOX",238,8760,2.71689497716895
"NO2",2023,"NOX",125,8759,1.42710355063363
"NO2",2024,"NOX",318,8782,3.62104304258711
"NO2",2025,"NOX",2630,8758,30.0296871431834
"NO2",2026,"NOX",82,5087,1.611952034598
"NO3",2022,"NOX",0,743,0
"NO3",2023,"NOX",1375,8759,15.69813905697
"NO3",2024,"NOX",1274,8784,14.5036429872495
"NO3",2025,"NOX",5118,8759,58.4313277771435
"NO3",2026,"NOX",431,5087,8.47257715746019
"NTE",2020,"NOX",8777,8777,100
"NTE",2021,"NOX",2918,8759,33.3143052859916
"NTE",2022,"NOX",322,8760,3.67579908675799
"NTE",2023,"NOX",453,8758,5.17241379310345
"NTE",2024,"NOX",180,8782,2.04964700523799
"NTE",2025,"NOX",146,8759,1.66685694714008
"NTE",2026,"NOX",98,5087,1.92647926086102
"NTE2",2020,"NOX",7176,8776,81.7684594348223
"NTE2",2021,"NOX",1807,8759,20.6302089279598
"NTE2",2022,"NOX",68,8760,0.776255707762557
"NTE2",2023,"NOX",51,8758,0.582324731673898
"NTE2",2024,"NOX",107,8782,1.21840127533591
"NTE2",2025,"NOX",130,8758,1.48435715916876
"NTE2",2026,"NOX",19,5087,0.37350108118734
"SE",2020,"NOX",8779,8779,100
"SE",2021,"NOX",1860,8759,21.2353008334285
"SE",2022,"NOX",382,8760,4.36073059360731
"SE",2023,"NOX",65,8758,0.74217857958438
"SE",2024,"NOX",114,8784,1.29781420765027
"SE",2025,"NOX",323,8759,3.68763557483731
"SE",2026,"NOX",103,5087,2.02476901906821
"SE2",2020,"NOX",7919,8776,90.2347310847767
"SE2",2021,"NOX",2190,8760,25
"SE2",2022,"NOX",344,8760,3.92694063926941
"SE2",2023,"NOX",64,8758,0.730760447590774
"SE2",2024,"NOX",284,8782,3.23388749715327
"SE2",2025,"NOX",251,8759,2.86562392967234
"SE2",2026,"NOX",847,5087,16.6502850402988
"SE3",2020,"NOX",127,8776,1.44712853236098
"SE3",2021,"NOX",771,8759,8.80237470030825
"SE3",2022,"NOX",166,8760,1.89497716894977
"SE3",2023,"NOX",211,8758,2.40922585065083
"SE3",2024,"NOX",245,8782,2.78979731268504
"SE3",2025,"NOX",186,8758,2.12377255081069
"SE3",2026,"NOX",81,5087,1.59229408295656
"SO",2020,"NOX",4139,8777,47.1573430557138
"SO",2021,"NOX",1071,8760,12.2260273972603
"SO",2022,"NOX",235,8760,2.68264840182648
"SO",2023,"NOX",271,8758,3.09431377026718
"SO",2024,"NOX",258,8784,2.93715846994536
"SO",2025,"NOX",540,8758,6.16579127654716
"SO",2026,"NOX",402,5087,7.90249655985846
"SO2",2020,"NOX",4082,8776,46.5132178669098
"SO2",2021,"NOX",752,8759,8.58545496061194
"SO2",2022,"NOX",158,8760,1.80365296803653
"SO2",2023,"NOX",92,8758,1.05046814341174
"SO2",2024,"NOX",32,8782,0.364381689820087
"SO2",2025,"NOX",49,8758,0.559488467686687
"SO2",2026,"NOX",68,5087,1.33674071161785
"SUR",2020,"NOX",7330,8775,83.5327635327636
"SUR",2021,"NOX",1792,8759,20.4589565018838
"SUR",2022,"NOX",277,8760,3.162100456621
"SUR",2023,"NOX",396,8757,4.52209660842754
"SUR",2024,"NOX",277,8782,3.15417900250512
"SUR",2025,"NOX",468,8759,5.34307569357233
"SUR",2026,"NOX",355,5087,6.97857283271083
"CE",2020,"O3",1450,8784,16.5072859744991
"CE",2021,"O3",1065,8760,12.1575342465753
"CE",2022,"O3",312,8760,3.56164383561644
"CE",2023,"O3",362,8758,4.13336378168532
"CE",2024,"O3",373,8784,4.24635701275046
"CE",2025,"O3",296,8759,3.37938120790045
"CE",2026,"O3",84,5087,1.65126793788087
"NE",2020,"O3",8767,8776,99.8974475843209
"NE",2021,"O3",1404,8759,16.029227080717
"NE",2022,"O3",333,8760,3.8013698630137
"NE",2023,"O3",434,8758,4.95546928522494
"NE",2024,"O3",328,8784,3.73406193078324
"NE",2025,"O3",883,8758,10.082210550354
"NE",2026,"O3",118,5087,2.3196382936898
"NE2",2020,"O3",7820,8776,89.1066545123063
"NE2",2021,"O3",1629,8759,18.5980134718575
"NE2",2022,"O3",292,8760,3.33333333333333
"NE2",2023,"O3",683,8758,7.79858415163279
"NE2",2024,"O3",611,8782,6.95741289000228
"NE2",2025,"O3",524,8758,5.98310116464946
"NE2",2026,"O3",173,5087,3.40082563396894
"NE3",2021,"O3",427,8759,4.87498572896449
"NE3",2022,"O3",385,8760,4.39497716894977
"NE3",2023,"O3",366,8757,4.17951353203152
"NE3",2024,"O3",453,8782,5.1582782965156
"NE3",2025,"O3",664,8759,7.58077406096586
"NE3",2026,"O3",177,5087,3.4794574405347
"NO",2020,"O3",8641,8778,98.4392800182274
"NO",2021,"O3",1782,8759,20.3447882178331
"NO",2022,"O3",541,8760,6.17579908675799
"NO",2023,"O3",525,8758,5.99451929664307
"NO",2024,"O3",968,8783,11.0212911305932
"NO",2025,"O3",651,8759,7.43235529169997
"NO",2026,"O3",437,5087,8.59052486730883
"NO2",2020,"O3",1784,8776,20.3281677301732
"NO2",2021,"O3",517,8759,5.90250028542071
"NO2",2022,"O3",211,8760,2.40867579908676
"NO2",2023,"O3",234,8759,2.67153784678616
"NO2",2024,"O3",330,8782,3.75768617626964
"NO2",2025,"O3",410,8758,4.6814341173784
"NO2",2026,"O3",35,5087,0.688028307450364
"NO3",2022,"O3",38,743,5.11440107671602
"NO3",2023,"O3",1441,8759,16.4516497317045
"NO3",2024,"O3",306,8784,3.48360655737705
"NO3",2025,"O3",2655,8759,30.3116794154584
"NO3",2026,"O3",327,5087,6.42815018675054
"NTE",2020,"O3",8776,8777,99.9886065853936
"NTE",2021,"O3",1622,8759,18.518095673022
"NTE",2022,"O3",375,8760,4.28082191780822
"NTE",2023,"O3",635,8758,7.25051381593971
"NTE",2024,"O3",353,8782,4.01958551582783
"NTE",2025,"O3",370,8759,4.22422650987556
"NTE",2026,"O3",112,5087,2.20169058384116
"NTE2",2020,"O3",8191,8776,93.3340929808569
"NTE2",2021,"O3",831,8759,9.4873844046124
"NTE2",2022,"O3",215,8760,2.45433789954338
"NTE2",2023,"O3",253,8758,2.88878739438228
"NTE2",2024,"O3",516,8782,5.8756547483489
"NTE2",2025,"O3",406,8758,4.63576158940397
"NTE2",2026,"O3",30,5087,0.589738549243169
"SE",2020,"O3",645,8779,7.34707825492653
"SE",2021,"O3",488,8759,5.57141226167371
"SE",2022,"O3",236,8760,2.69406392694064
"SE",2023,"O3",242,8758,2.76318794245262
"SE",2024,"O3",250,8784,2.84608378870674
"SE",2025,"O3",262,8759,2.9912090421281
"SE",2026,"O3",62,5087,1.21879300176922
"SE2",2020,"O3",8776,8776,100
"SE2",2021,"O3",3447,8760,39.3493150684932
"SE2",2022,"O3",484,8760,5.52511415525114
"SE2",2023,"O3",138,8758,1.57570221511761
"SE2",2024,"O3",1054,8782,12.0018219084491
"SE2",2025,"O3",877,8759,10.0125585112456
"SE2",2026,"O3",152,5087,2.98800864949872
"SE3",2020,"O3",2505,8776,28.5437556973564
"SE3",2021,"O3",517,8759,5.90250028542071
"SE3",2022,"O3",156,8760,1.78082191780822
"SE3",2023,"O3",411,8758,4.692852249372
"SE3",2024,"O3",124,8782,1.41197904805284
"SE3",2025,"O3",42,8758,0.479561543731446
"SE3",2026,"O3",136,5087,2.6734814232357
"SO",2020,"O3",2718,8777,30.9673009000798
"SO",2021,"O3",612,8760,6.98630136986301
"SO",2022,"O3",471,8760,5.37671232876712
"SO",2023,"O3",373,8758,4.25896323361498
"SO",2024,"O3",517,8784,5.88570127504554
"SO",2025,"O3",412,8758,4.70427038136561
"SO",2026,"O3",117,5087,2.29998034204836
"SO2",2020,"O3",261,8776,2.97402005469462
"SO2",2021,"O3",221,8759,2.52311907752027
"SO2",2022,"O3",232,8760,2.64840182648402
"SO2",2023,"O3",166,8758,1.89540991093857
"SO2",2024,"O3",124,8782,1.41197904805284
"SO2",2025,"O3",126,8758,1.43868463119434
"SO2",2026,"O3",33,5087,0.648712404167486
"SUR",2020,"O3",8773,8775,99.977207977208
"SUR",2021,"O3",1435,8759,16.3831487612741
"SUR",2022,"O3",224,8760,2.55707762557078
"SUR",2023,"O3",247,8757,2.82060066232728
"SUR",2024,"O3",79,8782,0.899567296743339
"SUR",2025,"O3",77,8759,0.879095787190319
"SUR",2026,"O3",45,5087,0.884607823864753
"CE",2020,"PM10",383,8784,4.36020036429873
"CE",2021,"PM10",290,8760,3.31050228310502
"CE",2022,"PM10",184,8760,2.10045662100457
"CE",2023,"PM10",231,8758,2.63758849052295
"CE",2024,"PM10",238,8784,2.70947176684882
"CE",2025,"PM10",142,8759,1.62118963351981
"CE",2026,"PM10",120,5087,2.35895419697268
"NE",2020,"PM10",623,8776,7.09890610756609
"NE",2021,"PM10",156,8759,1.78102523119078
"NE",2022,"PM10",185,8760,2.11187214611872
"NE",2023,"PM10",212,8758,2.42064398264444
"NE",2024,"PM10",306,8784,3.48360655737705
"NE",2025,"PM10",392,8758,4.47590774149349
"NE",2026,"PM10",186,5087,3.65637900530765
"NE2",2020,"PM10",777,8776,8.85369188696445
"NE2",2021,"PM10",543,8759,6.19933782395251
"NE2",2022,"PM10",185,8760,2.11187214611872
"NE2",2023,"PM10",331,8758,3.77940168988354
"NE2",2024,"PM10",435,8782,4.9533135959918
"NE2",2025,"PM10",393,8758,4.4873258734871
"NE2",2026,"PM10",163,5087,3.20424611755455
"NE3",2021,"PM10",473,8759,5.40015983559767
"NE3",2022,"PM10",626,8760,7.14611872146119
"NE3",2023,"PM10",410,8757,4.68196871074569
"NE3",2024,"PM10",481,8782,5.47711227510818
"NE3",2025,"PM10",515,8759,5.87966662861057
"NE3",2026,"PM10",214,5087,4.20680165126794
"NO",2020,"PM10",298,8778,3.39485076327182
"NO",2021,"PM10",1062,8759,12.1246717661834
"NO",2022,"PM10",508,8760,5.79908675799087
"NO",2023,"PM10",221,8758,2.52340717058689
"NO",2024,"PM10",678,8783,7.71945804394854
"NO",2025,"PM10",160,8759,1.82669254481105
"NO",2026,"PM10",61,5087,1.19913505012778
"NO2",2020,"PM10",253,8776,2.88286235186873
"NO2",2021,"PM10",400,8759,4.56673136202763
"NO2",2022,"PM10",152,8760,1.7351598173516
"NO2",2023,"PM10",148,8759,1.68969060395022
"NO2",2024,"PM10",279,8782,3.17695285811888
"NO2",2025,"PM10",191,8758,2.18086321077872
"NO2",2026,"PM10",63,5087,1.23845095341065
"NO3",2022,"PM10",54,743,7.2678331090175
"NO3",2023,"PM10",686,8759,7.83194428587738
"NO3",2024,"PM10",205,8784,2.33378870673953
"NO3",2025,"PM10",2552,8759,29.1357460897363
"NO3",2026,"PM10",95,5087,1.8675054059367
"NTE",2020,"PM10",2277,8777,25.9428050586761
"NTE",2021,"PM10",540,8759,6.1650873387373
"NTE",2022,"PM10",481,8760,5.49086757990868
"NTE",2023,"PM10",555,8758,6.33706325645125
"NTE",2024,"PM10",330,8782,3.75768617626964
"NTE",2025,"PM10",276,8759,3.15104463979906
"NTE",2026,"PM10",58,5087,1.14016119520346
"NTE2",2020,"PM10",736,8776,8.38650865998177
"NTE2",2021,"PM10",382,8759,4.36122845073639
"NTE2",2022,"PM10",110,8760,1.25570776255708
"NTE2",2023,"PM10",228,8758,2.60333409454213
"NTE2",2024,"PM10",158,8782,1.79913459348668
"NTE2",2025,"PM10",234,8758,2.67184288650377
"NTE2",2026,"PM10",75,5087,1.47434637310792
"SE",2020,"PM10",513,8779,5.84349014694157
"SE",2021,"PM10",457,8759,5.21749058111657
"SE",2022,"PM10",186,8760,2.12328767123288
"SE",2023,"PM10",139,8758,1.58712034711121
"SE",2024,"PM10",329,8784,3.74544626593807
"SE",2025,"PM10",245,8759,2.79712295924192
"SE",2026,"PM10",158,5087,3.10595635934736
"SE2",2020,"PM10",843,8776,9.60574293527803
"SE2",2021,"PM10",736,8760,8.40182648401827
"SE2",2022,"PM10",432,8760,4.93150684931507
"SE2",2023,"PM10",74,8758,0.844941767526833
"SE2",2024,"PM10",382,8782,4.34980642222728
"SE2",2025,"PM10",252,8759,2.87704075807741
"SE2",2026,"PM10",178,5087,3.49911539217614
"SE3",2020,"PM10",510,8776,5.81130355515041
"SE3",2021,"PM10",693,8759,7.91186208471287
"SE3",2022,"PM10",166,8760,1.89497716894977
"SE3",2023,"PM10",259,8758,2.95729618634391
"SE3",2024,"PM10",153,8782,1.74219995445229
"SE3",2025,"PM10",153,8758,1.74697419502169
"SE3",2026,"PM10",198,5087,3.89227442500491
"SO",2020,"PM10",260,8777,2.96228779765296
"SO",2021,"PM10",411,8760,4.69178082191781
"SO",2022,"PM10",262,8760,2.99086757990868
"SO",2023,"PM10",92,8758,1.05046814341174
"SO",2024,"PM10",364,8784,4.14389799635701
"SO",2025,"PM10",238,8758,2.71751541447819
"SO",2026,"PM10",94,5087,1.84784745429526
"SO2",2020,"PM10",800,8776,9.11577028258888
"SO2",2021,"PM10",508,8759,5.79974882977509
"SO2",2022,"PM10",280,8760,3.19634703196347
"SO2",2023,"PM10",327,8758,3.73372916190911
"SO2",2024,"PM10",480,8782,5.4657253473013
"SO2",2025,"PM10",394,8758,4.4987440054807
"SO2",2026,"PM10",41,5087,0.805976017298998
"SUR",2020,"PM10",342,8775,3.8974358974359
"SUR",2021,"PM10",373,8759,4.25847699509076
"SUR",2022,"PM10",125,8760,1.42694063926941
"SUR",2023,"PM10",135,8757,1.54162384378212
"SUR",2024,"PM10",135,8782,1.53723525392849
"SUR",2025,"PM10",214,8759,2.44320127868478
"SUR",2026,"PM10",60,5087,1.17947709848634
"CE",2020,"PM2.5",1846,8784,21.0154826958106
"CE",2021,"PM2.5",835,8760,9.53196347031963
"CE",2022,"PM2.5",827,8760,9.44063926940639
"CE",2023,"PM2.5",1035,8758,11.8177666133821
"CE",2024,"PM2.5",1685,8784,19.1826047358834
"CE",2025,"PM2.5",1216,8759,13.882863340564
"CE",2026,"PM2.5",339,5087,6.66404560644781
"NE",2020,"PM2.5",853,8776,9.71969006381039
"NE",2021,"PM2.5",198,8759,2.26053202420368
"NE",2022,"PM2.5",435,8760,4.96575342465753
"NE",2023,"PM2.5",931,8758,10.630280886047
"NE",2024,"PM2.5",762,8784,8.67486338797814
"NE",2025,"PM2.5",594,8758,6.78237040420187
"NE",2026,"PM2.5",345,5087,6.78199331629644
"NE2",2020,"PM2.5",2773,8776,31.5975387420237
"NE2",2021,"PM2.5",765,8759,8.73387372987784
"NE2",2022,"PM2.5",634,8760,7.23744292237443
"NE2",2023,"PM2.5",1069,8758,12.2059831011647
"NE2",2024,"PM2.5",3598,8782,40.970166249146
"NE2",2025,"PM2.5",8394,8758,95.8437999543275
"NE2",2026,"PM2.5",230,5087,4.52132887753096
"NE3",2021,"PM2.5",8759,8759,100
"NE3",2022,"PM2.5",8760,8760,100
"NE3",2023,"PM2.5",8757,8757,100
"NE3",2024,"PM2.5",8782,8782,100
"NE3",2025,"PM2.5",6552,8759,74.8030597100126
"NE3",2026,"PM2.5",366,5087,7.19481030076666
"NO",2020,"PM2.5",301,8778,3.42902711323764
"NO",2021,"PM2.5",1168,8759,13.3348555771207
"NO",2022,"PM2.5",2057,8760,23.4817351598174
"NO",2023,"PM2.5",4734,8758,54.0534368577301
"NO",2024,"PM2.5",7333,8783,83.4908345667767
"NO",2025,"PM2.5",8462,8759,96.6092019636945
"NO",2026,"PM2.5",2710,5087,53.2730489482996
"NO2",2020,"PM2.5",1438,8776,16.3855970829535
"NO2",2021,"PM2.5",481,8759,5.49149446283822
"NO2",2022,"PM2.5",706,8760,8.05936073059361
"NO2",2023,"PM2.5",1038,8759,11.8506678844617
"NO2",2024,"PM2.5",2725,8782,31.0293782737418
"NO2",2025,"PM2.5",1288,8758,14.7065540077643
"NO2",2026,"PM2.5",212,5087,4.16748574798506
"NO3",2022,"PM2.5",743,743,100
"NO3",2023,"PM2.5",8759,8759,100
"NO3",2024,"PM2.5",6451,8784,73.4403460837887
"NO3",2025,"PM2.5",7545,8759,86.1399703162462
"NO3",2026,"PM2.5",1210,5087,23.7861214861411
"NTE",2020,"PM2.5",2890,8777,32.9269682123732
"NTE",2021,"PM2.5",1446,8759,16.5087338737299
"NTE",2022,"PM2.5",1245,8760,14.2123287671233
"NTE",2023,"PM2.5",961,8758,10.9728248458552
"NTE",2024,"PM2.5",604,8782,6.87770439535413
"NTE",2025,"PM2.5",1079,8759,12.3187578490695
"NTE",2026,"PM2.5",712,5087,13.9964615687045
"NTE2",2020,"PM2.5",3779,8776,43.0606198723792
"NTE2",2021,"PM2.5",708,8759,8.0831145107889
"NTE2",2022,"PM2.5",502,8760,5.73059360730594
"NTE2",2023,"PM2.5",886,8758,10.1164649463348
"NTE2",2024,"PM2.5",842,8782,9.58779321339103
"NTE2",2025,"PM2.5",842,8758,9.61406713861612
"NTE2",2026,"PM2.5",342,5087,6.72301946137213
"SE",2020,"PM2.5",809,8779,9.21517257090785
"SE",2021,"PM2.5",552,8759,6.30208927959813
"SE",2022,"PM2.5",466,8760,5.31963470319635
"SE",2023,"PM2.5",1693,8758,19.3308974651747
"SE",2024,"PM2.5",2261,8784,25.7399817850638
"SE",2025,"PM2.5",1048,8759,11.9648361685124
"SE",2026,"PM2.5",875,5087,17.2007076862591
"SE2",2020,"PM2.5",2816,8776,32.0875113947129
"SE2",2021,"PM2.5",1313,8760,14.9885844748858
"SE2",2022,"PM2.5",1210,8760,13.8127853881279
"SE2",2023,"PM2.5",621,8758,7.09065996802923
"SE2",2024,"PM2.5",452,8782,5.14689136870872
"SE2",2025,"PM2.5",474,8759,5.41157666400274
"SE2",2026,"PM2.5",291,5087,5.72046392765874
"SE3",2020,"PM2.5",1456,8776,16.5907019143118
"SE3",2021,"PM2.5",1311,8759,14.9674620390456
"SE3",2022,"PM2.5",543,8760,6.1986301369863
"SE3",2023,"PM2.5",658,8758,7.51313085179265
"SE3",2024,"PM2.5",833,8782,9.48531086312913
"SE3",2025,"PM2.5",1735,8758,19.8104590089061
"SE3",2026,"PM2.5",394,5087,7.74523294672695
"SO",2020,"PM2.5",538,8777,6.12965705822035
"SO",2021,"PM2.5",442,8760,5.04566210045662
"SO",2022,"PM2.5",604,8760,6.89497716894977
"SO",2023,"PM2.5",577,8758,6.58826216031057
"SO",2024,"PM2.5",1774,8784,20.195810564663
"SO",2025,"PM2.5",1925,8758,21.9799040876913
"SO",2026,"PM2.5",226,5087,4.44269707096521
"SO2",2020,"PM2.5",2067,8776,23.552871467639
"SO2",2021,"PM2.5",1352,8759,15.4355520036534
"SO2",2022,"PM2.5",393,8760,4.48630136986301
"SO2",2023,"PM2.5",784,8758,8.95181548298698
"SO2",2024,"PM2.5",982,8782,11.1819631063539
"SO2",2025,"PM2.5",1912,8758,21.8314683717744
"SO2",2026,"PM2.5",385,5087,7.568311381954
"SUR",2020,"PM2.5",5658,8775,64.4786324786325
"SUR",2021,"PM2.5",2803,8759,32.0013700194086
"SUR",2022,"PM2.5",1933,8760,22.0662100456621
"SUR",2023,"PM2.5",1791,8757,20.4522096608428
"SUR",2024,"PM2.5",1763,8782,20.0751537235254
"SUR",2025,"PM2.5",1731,8759,19.7625299691746
"SUR",2026,"PM2.5",383,5087,7.52899547867112
"CE",2020,"PRS",132,8784,1.50273224043716
"CE",2021,"PRS",208,8760,2.37442922374429
"CE",2022,"PRS",155,8760,1.76940639269406
"CE",2023,"PRS",174,8758,1.98675496688742
"CE",2024,"PRS",207,8784,2.35655737704918
"CE",2025,"PRS",198,8759,2.26053202420368
"CE",2026,"PRS",71,5087,1.39571456654217
"NE",2020,"PRS",1956,8776,22.2880583409298
"NE",2021,"PRS",62,8759,0.707843361114283
"NE",2022,"PRS",146,8760,1.66666666666667
"NE",2023,"PRS",98,8758,1.11897693537337
"NE",2024,"PRS",165,8784,1.87841530054645
"NE",2025,"PRS",241,8758,2.75176981045901
"NE",2026,"PRS",340,5087,6.68370355808925
"NE2",2020,"PRS",301,8776,3.42980856882407
"NE2",2021,"PRS",272,8759,3.10537732617879
"NE2",2022,"PRS",138,8760,1.57534246575342
"NE2",2023,"PRS",192,8758,2.19228134277232
"NE2",2024,"PRS",332,8782,3.7804600318834
"NE2",2025,"PRS",228,8758,2.60333409454213
"NE2",2026,"PRS",362,5087,7.1161784942009
"NE3",2021,"PRS",438,8759,5.00057084142025
"NE3",2022,"PRS",584,8760,6.66666666666667
"NE3",2023,"PRS",262,8757,2.99189220052529
"NE3",2024,"PRS",371,8782,4.22455021635163
"NE3",2025,"PRS",459,8759,5.2403242379267
"NE3",2026,"PRS",1102,5087,21.6630627088657
"NO",2020,"PRS",118,8778,1.3442697653224
"NO",2021,"PRS",105,8759,1.19876698253225
"NO",2022,"PRS",448,8760,5.11415525114155
"NO",2023,"PRS",190,8758,2.16944507878511
"NO",2024,"PRS",560,8783,6.37595354662416
"NO",2025,"PRS",208,8759,2.37470030825437
"NO",2026,"PRS",208,5087,4.0888539414193
"NO2",2020,"PRS",116,8776,1.32178669097539
"NO2",2021,"PRS",899,8759,10.2637287361571
"NO2",2022,"PRS",555,8760,6.33561643835617
"NO2",2023,"PRS",105,8759,1.19876698253225
"NO2",2024,"PRS",248,8782,2.82395809610567
"NO2",2025,"PRS",90,8758,1.02763187942453
"NO2",2026,"PRS",52,5087,1.02221348535483
"NO3",2022,"PRS",0,743,0
"NO3",2023,"PRS",76,8759,0.86767895878525
"NO3",2024,"PRS",76,8784,0.865209471766849
"NO3",2025,"PRS",2516,8759,28.7247402671538
"NO3",2026,"PRS",155,5087,3.04698250442304
"NTE",2020,"PRS",7903,8777,90.0421556340435
"NTE",2021,"PRS",2225,8759,25.4024432012787
"NTE",2022,"PRS",160,8760,1.82648401826484
"NTE",2023,"PRS",318,8758,3.63096597396666
"NTE",2024,"PRS",215,8782,2.44818947847871
"NTE",2025,"PRS",122,8759,1.39285306541843
"NTE",2026,"PRS",49,5087,0.963239630430509
"NTE2",2020,"PRS",162,8776,1.84594348222425
"NTE2",2021,"PRS",120,8759,1.37001940860829
"NTE2",2022,"PRS",78,8760,0.89041095890411
"NTE2",2023,"PRS",56,8758,0.639415391641927
"NTE2",2024,"PRS",114,8782,1.29810976998406
"NTE2",2025,"PRS",133,8758,1.51861155514958
"NTE2",2026,"PRS",23,5087,0.452132887753096
"SE",2020,"PRS",1422,8779,16.197744617838
"SE",2021,"PRS",853,8759,9.73855462952392
"SE",2022,"PRS",94,8760,1.07305936073059
"SE",2023,"PRS",41,8758,0.46814341173784
"SE",2024,"PRS",113,8784,1.28642987249545
"SE",2025,"PRS",312,8759,3.56205046238155
"SE",2026,"PRS",463,5087,9.10163160998624
"SE2",2020,"PRS",1547,8776,17.6276207839562
"SE2",2021,"PRS",519,8760,5.92465753424658
"SE2",2022,"PRS",343,8760,3.91552511415525
"SE2",2023,"PRS",67,8758,0.765014843571592
"SE2",2024,"PRS",217,8782,2.47096333409246
"SE2",2025,"PRS",172,8759,1.96369448567188
"SE2",2026,"PRS",429,5087,8.43326125417732
"SE3",2020,"PRS",128,8776,1.45852324521422
"SE3",2021,"PRS",505,8759,5.76549834455988
"SE3",2022,"PRS",152,8760,1.7351598173516
"SE3",2023,"PRS",217,8758,2.47773464261247
"SE3",2024,"PRS",157,8782,1.7877476656798
"SE3",2025,"PRS",104,8758,1.18748572733501
"SE3",2026,"PRS",1771,5087,34.8142323569884
"SO",2020,"PRS",800,8777,9.11473168508602
"SO",2021,"PRS",582,8760,6.64383561643836
"SO",2022,"PRS",240,8760,2.73972602739726
"SO",2023,"PRS",104,8758,1.18748572733501
"SO",2024,"PRS",587,8784,6.68260473588343
"SO",2025,"PRS",1030,8758,11.760675953414
"SO",2026,"PRS",53,5087,1.04187143699627
"SO2",2020,"PRS",39,8776,0.444393801276208
"SO2",2021,"PRS",138,8759,1.57552231989953
"SO2",2022,"PRS",137,8760,1.56392694063927
"SO2",2023,"PRS",42,8758,0.479561543731446
"SO2",2024,"PRS",32,8782,0.364381689820087
"SO2",2025,"PRS",29,8758,0.33112582781457
"SO2",2026,"PRS",59,5087,1.1598191468449
"SUR",2020,"PRS",50,8775,0.56980056980057
"SUR",2021,"PRS",153,8759,1.74677474597557
"SUR",2022,"PRS",99,8760,1.13013698630137
"SUR",2023,"PRS",294,8757,3.35731414868106
"SUR",2024,"PRS",596,8782,6.78660897289911
"SUR",2025,"PRS",1184,8759,13.5175248316018
"SUR",2026,"PRS",2578,5087,50.6781993316297
"CE",2020,"RAINF",123,8784,1.40027322404372
"CE",2021,"RAINF",198,8760,2.26027397260274
"CE",2022,"RAINF",148,8760,1.68949771689498
"CE",2023,"RAINF",159,8758,1.81548298698333
"CE",2024,"RAINF",185,8784,2.10610200364299
"CE",2025,"RAINF",191,8759,2.18061422536819
"CE",2026,"RAINF",65,5087,1.27776685669353
"NE",2020,"RAINF",1555,8776,17.7187784867821
"NE",2021,"RAINF",53,8759,0.605091905468661
"NE",2022,"RAINF",132,8760,1.50684931506849
"NE",2023,"RAINF",95,8758,1.08472253939256
"NE",2024,"RAINF",131,8784,1.49134790528233
"NE",2025,"RAINF",227,8758,2.59191596254853
"NE",2026,"RAINF",331,5087,6.5067819933163
"NE2",2020,"RAINF",296,8776,3.37283500455789
"NE2",2021,"RAINF",258,8759,2.94554172850782
"NE2",2022,"RAINF",110,8760,1.25570776255708
"NE2",2023,"RAINF",165,8758,1.88399177894496
"NE2",2024,"RAINF",257,8782,2.92644044636757
"NE2",2025,"RAINF",177,8758,2.02100936286823
"NE2",2026,"RAINF",274,5087,5.38627874975428
"NE3",2021,"RAINF",387,8759,4.41831259276173
"NE3",2022,"RAINF",374,8760,4.26940639269406
"NE3",2023,"RAINF",166,8757,1.89562635605801
"NE3",2024,"RAINF",353,8782,4.01958551582783
"NE3",2025,"RAINF",318,8759,3.63055143281197
"NE3",2026,"RAINF",324,5087,6.36917633182622
"NO",2020,"RAINF",114,8778,1.2987012987013
"NO",2021,"RAINF",100,8759,1.14168284050691
"NO",2022,"RAINF",240,8760,2.73972602739726
"NO",2023,"RAINF",190,8758,2.16944507878511
"NO",2024,"RAINF",561,8783,6.38733917795742
"NO",2025,"RAINF",212,8759,2.42036762187464
"NO",2026,"RAINF",140,5087,2.75211322980146
"NO2",2020,"RAINF",108,8776,1.2306289881495
"NO2",2021,"RAINF",313,8759,3.57346729078662
"NO2",2022,"RAINF",118,8760,1.34703196347032
"NO2",2023,"RAINF",89,8759,1.01609772805115
"NO2",2024,"RAINF",218,8782,2.48235026189934
"NO2",2025,"RAINF",82,8758,0.936286823475679
"NO2",2026,"RAINF",47,5087,0.923923727147631
"NO3",2022,"RAINF",0,743,0
"NO3",2023,"RAINF",66,8759,0.753510674734559
"NO3",2024,"RAINF",72,8784,0.819672131147541
"NO3",2025,"RAINF",2530,8759,28.8845758648248
"NO3",2026,"RAINF",52,5087,1.02221348535483
"NTE",2020,"RAINF",6098,8777,69.4770422695682
"NTE",2021,"RAINF",2221,8759,25.3567758876584
"NTE",2022,"RAINF",154,8760,1.75799086757991
"NTE",2023,"RAINF",298,8758,3.40260333409454
"NTE",2024,"RAINF",78,8782,0.888180368936461
"NTE",2025,"RAINF",164,8759,1.87235985843133
"NTE",2026,"RAINF",2900,5087,57.008059760173
"NTE2",2020,"RAINF",157,8776,1.78896991795807
"NTE2",2021,"RAINF",91,8759,1.03893138486129
"NTE2",2022,"RAINF",64,8760,0.730593607305936
"NTE2",2023,"RAINF",50,8758,0.570906599680292
"NTE2",2024,"RAINF",110,8782,1.25256205875655
"NTE2",2025,"RAINF",140,8758,1.59853847910482
"NTE2",2026,"RAINF",25,5087,0.491448791035974
"SE",2020,"RAINF",203,8779,2.31233625697688
"SE",2021,"RAINF",258,8759,2.94554172850782
"SE",2022,"RAINF",92,8760,1.05022831050228
"SE",2023,"RAINF",45,8758,0.513815939712263
"SE",2024,"RAINF",110,8784,1.25227686703097
"SE",2025,"RAINF",298,8759,3.40221486471058
"SE",2026,"RAINF",124,5087,2.43758600353843
"SE2",2020,"RAINF",7558,8776,86.1212397447584
"SE2",2021,"RAINF",2257,8760,25.7648401826484
"SE2",2022,"RAINF",6,8760,0.0684931506849315
"SE2",2023,"RAINF",4,8758,0.0456725279744234
"SE2",2024,"RAINF",6,8782,0.0683215668412662
"SE2",2025,"RAINF",80,8759,0.913346272405526
"SE2",2026,"RAINF",222,5087,4.36406526439945
"SE3",2020,"RAINF",126,8776,1.43573381950775
"SE3",2021,"RAINF",484,8759,5.52574494805343
"SE3",2022,"RAINF",144,8760,1.64383561643836
"SE3",2023,"RAINF",191,8758,2.18086321077872
"SE3",2024,"RAINF",63,8782,0.717376451833295
"SE3",2025,"RAINF",93,8758,1.06188627540534
"SE3",2026,"RAINF",52,5087,1.02221348535483
"SO",2020,"RAINF",58,8777,0.660818047168737
"SO",2021,"RAINF",245,8760,2.79680365296804
"SO",2022,"RAINF",241,8760,2.75114155251142
"SO",2023,"RAINF",45,8758,0.513815939712263
"SO",2024,"RAINF",279,8784,3.17622950819672
"SO",2025,"RAINF",904,8758,10.3219913222197
"SO",2026,"RAINF",53,5087,1.04187143699627
"SO2",2020,"RAINF",40,8776,0.455788514129444
"SO2",2021,"RAINF",136,8759,1.55268866308939
"SO2",2022,"RAINF",135,8760,1.54109589041096
"SO2",2023,"RAINF",39,8758,0.445307147750628
"SO2",2024,"RAINF",30,8782,0.341607834206331
"SO2",2025,"RAINF",25,8758,0.285453299840146
"SO2",2026,"RAINF",58,5087,1.14016119520346
"SUR",2020,"RAINF",47,8775,0.535612535612536
"SUR",2021,"RAINF",149,8759,1.70110743235529
"SUR",2022,"RAINF",93,8760,1.06164383561644
"SUR",2023,"RAINF",35,8757,0.399680255795364
"SUR",2024,"RAINF",31,8782,0.352994762013209
"SUR",2025,"RAINF",515,8759,5.87966662861057
"SUR",2026,"RAINF",355,5087,6.97857283271083
"CE",2020,"RH",126,8784,1.4344262295082
"CE",2021,"RH",201,8760,2.29452054794521
"CE",2022,"RH",217,8760,2.47716894977169
"CE",2023,"RH",213,8758,2.43206211463805
"CE",2024,"RH",235,8784,2.67531876138434
"CE",2025,"RH",241,8759,2.75145564562165
"CE",2026,"RH",68,5087,1.33674071161785
"NE",2020,"RH",1959,8776,22.3222424794895
"NE",2021,"RH",69,8759,0.787761159949766
"NE",2022,"RH",194,8760,2.21461187214612
"NE",2023,"RH",186,8758,2.12377255081069
"NE",2024,"RH",222,8784,2.52732240437158
"NE",2025,"RH",268,8758,3.06005937428637
"NE",2026,"RH",343,5087,6.74267741301356
"NE2",2020,"RH",298,8776,3.39562443026436
"NE2",2021,"RH",266,8759,3.03687635574837
"NE2",2022,"RH",149,8760,1.70091324200913
"NE2",2023,"RH",754,8758,8.60927152317881
"NE2",2024,"RH",286,8782,3.25666135276702
"NE2",2025,"RH",279,8758,3.18565882621603
"NE2",2026,"RH",278,5087,5.46491055632003
"NE3",2021,"RH",396,8759,4.52106404840735
"NE3",2022,"RH",411,8760,4.69178082191781
"NE3",2023,"RH",179,8757,2.04407902249629
"NE3",2024,"RH",351,8782,3.99681166021407
"NE3",2025,"RH",321,8759,3.66480191802717
"NE3",2026,"RH",1037,5087,20.3852958521722
"NO",2020,"RH",115,8778,1.31009341535657
"NO",2021,"RH",282,8759,3.21954561022948
"NO",2022,"RH",617,8760,7.04337899543379
"NO",2023,"RH",300,8758,3.42543959808175
"NO",2024,"RH",4430,8783,50.4383468063304
"NO",2025,"RH",857,8759,9.78422194314419
"NO",2026,"RH",3071,5087,60.3695694908591
"NO2",2020,"RH",147,8776,1.67502278942571
"NO2",2021,"RH",598,8759,6.82726338623131
"NO2",2022,"RH",1065,8760,12.1575342465753
"NO2",2023,"RH",158,8759,1.80385888800091
"NO2",2024,"RH",291,8782,3.31359599180141
"NO2",2025,"RH",111,8758,1.26741265129025
"NO2",2026,"RH",69,5087,1.35639866325929
"NO3",2022,"RH",8,743,1.07671601615074
"NO3",2023,"RH",7219,8759,82.4180842561936
"NO3",2024,"RH",673,8784,7.66165755919854
"NO3",2025,"RH",2563,8759,29.261331202192
"NO3",2026,"RH",144,5087,2.83074503636721
"NTE",2020,"RH",7564,8777,86.1797880824883
"NTE",2021,"RH",2787,8759,31.8187007649275
"NTE",2022,"RH",889,8760,10.148401826484
"NTE",2023,"RH",4344,8758,49.6003653802238
"NTE",2024,"RH",6463,8782,73.5937144158506
"NTE",2025,"RH",8702,8759,99.3492407809111
"NTE",2026,"RH",5087,5087,100
"NTE2",2020,"RH",161,8776,1.83454876937101
"NTE2",2021,"RH",116,8759,1.32435209498801
"NTE2",2022,"RH",106,8760,1.21004566210046
"NTE2",2023,"RH",100,8758,1.14181319936058
"NTE2",2024,"RH",147,8782,1.67387838761102
"NTE2",2025,"RH",191,8758,2.18086321077872
"NTE2",2026,"RH",27,5087,0.530764694318852
"SE",2020,"RH",209,8779,2.38068117097619
"SE",2021,"RH",296,8759,3.37938120790045
"SE",2022,"RH",122,8760,1.39269406392694
"SE",2023,"RH",78,8758,0.890614295501256
"SE",2024,"RH",113,8784,1.28642987249545
"SE",2025,"RH",329,8759,3.75613654526772
"SE",2026,"RH",96,5087,1.88716335757814
"SE2",2020,"RH",8761,8776,99.8290793072015
"SE2",2021,"RH",2533,8760,28.9155251141553
"SE2",2022,"RH",372,8760,4.24657534246575
"SE2",2023,"RH",112,8758,1.27883078328385
"SE2",2024,"RH",217,8782,2.47096333409246
"SE2",2025,"RH",2296,8759,26.2130380180386
"SE2",2026,"RH",2287,5087,44.9577354039709
"SE3",2020,"RH",137,8776,1.56107566089335
"SE3",2021,"RH",727,8759,8.30003425048522
"SE3",2022,"RH",168,8760,1.91780821917808
"SE3",2023,"RH",217,8758,2.47773464261247
"SE3",2024,"RH",100,8782,1.13869278068777
"SE3",2025,"RH",116,8758,1.32450331125828
"SE3",2026,"RH",57,5087,1.12050324356202
"SO",2020,"RH",100,8777,1.13934146063575
"SO",2021,"RH",349,8760,3.98401826484018
"SO",2022,"RH",245,8760,2.79680365296804
"SO",2023,"RH",50,8758,0.570906599680292
"SO",2024,"RH",365,8784,4.15528233151184
"SO",2025,"RH",6263,8758,71.5117606759534
"SO",2026,"RH",5087,5087,100
"SO2",2020,"RH",54,8776,0.615314494074749
"SO2",2021,"RH",152,8759,1.7353579175705
"SO2",2022,"RH",221,8760,2.52283105022831
"SO2",2023,"RH",110,8758,1.25599451929664
"SO2",2024,"RH",122,8782,1.38920519243908
"SO2",2025,"RH",85,8758,0.970541219456497
"SO2",2026,"RH",70,5087,1.37605661490073
"SUR",2020,"RH",51,8775,0.581196581196581
"SUR",2021,"RH",157,8759,1.79244205959584
"SUR",2022,"RH",123,8760,1.4041095890411
"SUR",2023,"RH",293,8757,3.34589471280119
"SUR",2024,"RH",483,8782,5.49988613072193
"SUR",2025,"RH",1207,8759,13.7801118849184
"SUR",2026,"RH",360,5087,7.07686259091803
"CE",2020,"SO2",122,8784,1.38888888888889
"CE",2021,"SO2",714,8760,8.15068493150685
"CE",2022,"SO2",841,8760,9.60045662100457
"CE",2023,"SO2",382,8758,4.36172642155743
"CE",2024,"SO2",222,8784,2.52732240437158
"CE",2025,"SO2",259,8759,2.95695855691289
"CE",2026,"SO2",92,5087,1.80853155101238
"NE",2020,"SO2",7564,8776,86.1896080218778
"NE",2021,"SO2",2312,8759,26.3957072725197
"NE",2022,"SO2",495,8760,5.65068493150685
"NE",2023,"SO2",278,8758,3.17424069422243
"NE",2024,"SO2",143,8784,1.62795992714026
"NE",2025,"SO2",813,8758,9.28294131080155
"NE",2026,"SO2",613,5087,12.0503243562021
"NE2",2020,"SO2",3962,8776,45.1458523245214
"NE2",2021,"SO2",647,8759,7.38668797807969
"NE2",2022,"SO2",512,8760,5.84474885844749
"NE2",2023,"SO2",271,8758,3.09431377026718
"NE2",2024,"SO2",308,8782,3.50717376451833
"NE2",2025,"SO2",210,8758,2.39780771865723
"NE2",2026,"SO2",334,5087,6.56575584824061
"NE3",2021,"SO2",1418,8759,16.1890626783879
"NE3",2022,"SO2",2020,8760,23.0593607305936
"NE3",2023,"SO2",701,8757,8.00502455178714
"NE3",2024,"SO2",7786,8782,88.6586199043498
"NE3",2025,"SO2",4625,8759,52.8028313734445
"NE3",2026,"SO2",420,5087,8.25633968940436
"NO",2020,"SO2",6528,8778,74.3677375256323
"NO",2021,"SO2",264,8759,3.01404269893824
"NO",2022,"SO2",1031,8760,11.7694063926941
"NO",2023,"SO2",246,8758,2.80886047042704
"NO",2024,"SO2",721,8783,8.20904019127861
"NO",2025,"SO2",507,8759,5.78833200137002
"NO",2026,"SO2",443,5087,8.70847257715746
"NO2",2020,"SO2",1325,8776,15.0979945305378
"NO2",2021,"SO2",1869,8759,21.3380522890741
"NO2",2022,"SO2",1612,8760,18.4018264840183
"NO2",2023,"SO2",305,8759,3.48213266354607
"NO2",2024,"SO2",257,8782,2.92644044636757
"NO2",2025,"SO2",314,8758,3.58529344599224
"NO2",2026,"SO2",134,5087,2.63416551995282
"NO3",2022,"SO2",33,743,4.4414535666218
"NO3",2023,"SO2",1297,8759,14.8076264413746
"NO3",2024,"SO2",110,8784,1.25227686703097
"NO3",2025,"SO2",2530,8759,28.8845758648248
"NO3",2026,"SO2",54,5087,1.0615293886377
"NTE",2020,"SO2",8755,8777,99.7493448786602
"NTE",2021,"SO2",2550,8759,29.1129124329261
"NTE",2022,"SO2",650,8760,7.42009132420091
"NTE",2023,"SO2",858,8758,9.79675725051382
"NTE",2024,"SO2",89,8782,1.01343657481212
"NTE",2025,"SO2",1885,8759,21.5207215435552
"NTE",2026,"SO2",78,5087,1.53332022803224
"NTE2",2020,"SO2",6117,8776,69.7014585232452
"NTE2",2021,"SO2",5964,8759,68.089964607832
"NTE2",2022,"SO2",325,8760,3.71004566210046
"NTE2",2023,"SO2",92,8758,1.05046814341174
"NTE2",2024,"SO2",115,8782,1.30949669779094
"NTE2",2025,"SO2",143,8758,1.63279287508564
"NTE2",2026,"SO2",24,5087,0.471790839394535
"SE",2020,"SO2",1132,8779,12.8944071078711
"SE",2021,"SO2",693,8759,7.91186208471287
"SE",2022,"SO2",727,8760,8.29908675799087
"SE",2023,"SO2",127,8758,1.45010276318794
"SE",2024,"SO2",125,8784,1.42304189435337
"SE",2025,"SO2",306,8759,3.49354949195114
"SE",2026,"SO2",424,5087,8.33497149597012
"SE2",2020,"SO2",963,8776,10.9731084776664
"SE2",2021,"SO2",1410,8760,16.0958904109589
"SE2",2022,"SO2",492,8760,5.61643835616438
"SE2",2023,"SO2",79,8758,0.902032427494862
"SE2",2024,"SO2",373,8782,4.24732407196538
"SE2",2025,"SO2",242,8759,2.76287247402672
"SE2",2026,"SO2",335,5087,6.58541379988205
"SE3",2020,"SO2",1109,8776,12.6367365542388
"SE3",2021,"SO2",1271,8759,14.5107889028428
"SE3",2022,"SO2",254,8760,2.89954337899543
"SE3",2023,"SO2",288,8758,3.28842201415848
"SE3",2024,"SO2",77,8782,0.876793441129583
"SE3",2025,"SO2",99,8758,1.13039506736698
"SE3",2026,"SO2",130,5087,2.55553371338707
"SO",2020,"SO2",2258,8777,25.7263301811553
"SO",2021,"SO2",430,8760,4.90867579908676
"SO",2022,"SO2",407,8760,4.64611872146119
"SO",2023,"SO2",138,8758,1.57570221511761
"SO",2024,"SO2",286,8784,3.25591985428051
"SO",2025,"SO2",239,8758,2.7289335464718
"SO",2026,"SO2",52,5087,1.02221348535483
"SO2",2020,"SO2",1920,8776,21.8778486782133
"SO2",2021,"SO2",1460,8759,16.6685694714008
"SO2",2022,"SO2",257,8760,2.9337899543379
"SO2",2023,"SO2",87,8758,0.993377483443709
"SO2",2024,"SO2",43,8782,0.489637895695741
"SO2",2025,"SO2",31,8758,0.353962091801781
"SO2",2026,"SO2",57,5087,1.12050324356202
"SUR",2020,"SO2",8774,8775,99.988603988604
"SUR",2021,"SO2",2501,8759,28.5534878410778
"SUR",2022,"SO2",1262,8760,14.4063926940639
"SUR",2023,"SO2",167,8757,1.90704579193788
"SUR",2024,"SO2",49,8782,0.557959462537008
"SUR",2025,"SO2",274,8759,3.12821098298893
"SUR",2026,"SO2",354,5087,6.95891488106939
"CE",2020,"SR",122,8784,1.38888888888889
"CE",2021,"SR",202,8760,2.30593607305936
"CE",2022,"SR",87,8760,0.993150684931507
"CE",2023,"SR",64,8758,0.730760447590774
"CE",2024,"SR",161,8784,1.83287795992714
"CE",2025,"SR",26,8759,0.296837538531796
"CE",2026,"SR",28,5087,0.550422645960291
"NE",2020,"SR",942,8776,10.7338195077484
"NE",2021,"SR",95,8759,1.08459869848156
"NE",2022,"SR",38,8760,0.4337899543379
"NE",2023,"SR",62,8758,0.707924183603562
"NE",2024,"SR",92,8784,1.04735883424408
"NE",2025,"SR",160,8758,1.82690111897694
"NE",2026,"SR",2946,5087,57.9123255356792
"NE2",2020,"SR",78,8776,0.888787602552416
"NE2",2021,"SR",46,8759,0.525174106633177
"NE2",2022,"SR",54,8760,0.616438356164384
"NE2",2023,"SR",108,8758,1.23315825530943
"NE2",2024,"SR",50,8782,0.569346390343885
"NE2",2025,"SR",51,8758,0.582324731673898
"NE2",2026,"SR",54,5087,1.0615293886377
"NE3",2021,"SR",649,8759,7.40952163488983
"NE3",2022,"SR",1320,8760,15.0684931506849
"NE3",2023,"SR",1118,8757,12.7669293136919
"NE3",2024,"SR",1071,8782,12.195399681166
"NE3",2025,"SR",806,8759,9.20196369448567
"NE3",2026,"SR",1148,5087,22.5673284843719
"NO",2020,"SR",107,8778,1.21895648211438
"NO",2021,"SR",142,8759,1.62118963351981
"NO",2022,"SR",180,8760,2.05479452054795
"NO",2023,"SR",166,8758,1.89540991093857
"NO",2024,"SR",464,8783,5.28293293863145
"NO",2025,"SR",127,8759,1.44993720744377
"NO",2026,"SR",19,5087,0.37350108118734
"NO2",2020,"SR",33,8776,0.376025524156791
"NO2",2021,"SR",84,8759,0.959013586025802
"NO2",2022,"SR",1702,8760,19.4292237442922
"NO2",2023,"SR",3291,8759,37.5727822810823
"NO2",2024,"SR",3532,8782,40.2186290138921
"NO2",2025,"SR",1809,8758,20.655400776433
"NO2",2026,"SR",5087,5087,100
"NO3",2022,"SR",2,743,0.269179004037685
"NO3",2023,"SR",54,8759,0.61650873387373
"NO3",2024,"SR",120,8784,1.36612021857924
"NO3",2025,"SR",305,8759,3.48213266354607
"NO3",2026,"SR",78,5087,1.53332022803224
"NTE",2020,"SR",628,8777,7.15506437279253
"NTE",2021,"SR",271,8759,3.09396049777372
"NTE",2022,"SR",62,8760,0.707762557077626
"NTE",2023,"SR",874,8758,9.97944736241151
"NTE",2024,"SR",1329,8782,15.1332270553405
"NTE",2025,"SR",1799,8759,20.5388743007193
"NTE",2026,"SR",4370,5087,85.9052486730883
"NTE2",2020,"SR",71,8776,0.809024612579763
"NTE2",2021,"SR",17,8759,0.194086082886174
"NTE2",2022,"SR",27,8760,0.308219178082192
"NTE2",2023,"SR",22,8758,0.251198903859329
"NTE2",2024,"SR",64,8782,0.728763379640173
"NTE2",2025,"SR",41,8758,0.46814341173784
"NTE2",2026,"SR",6,5087,0.117947709848634
"SE",2020,"SR",78,8779,0.888483881991115
"SE",2021,"SR",67,8759,0.764927503139628
"SE",2022,"SR",15,8760,0.171232876712329
"SE",2023,"SR",9,8758,0.102763187942453
"SE",2024,"SR",73,8784,0.831056466302368
"SE",2025,"SR",89,8759,1.01609772805115
"SE",2026,"SR",26,5087,0.511106742677413
"SE2",2020,"SR",41,8776,0.46718322698268
"SE2",2021,"SR",119,8760,1.35844748858447
"SE2",2022,"SR",152,8760,1.7351598173516
"SE2",2023,"SR",13,8758,0.148435715916876
"SE2",2024,"SR",30,8782,0.341607834206331
"SE2",2025,"SR",64,8759,0.730677017924421
"SE2",2026,"SR",125,5087,2.45724395517987
"SE3",2020,"SR",15,8776,0.170920692798541
"SE3",2021,"SR",40,8759,0.456673136202763
"SE3",2022,"SR",25,8760,0.285388127853881
"SE3",2023,"SR",82,8758,0.936286823475679
"SE3",2024,"SR",25,8782,0.284673195171943
"SE3",2025,"SR",352,8758,4.01918246174926
"SE3",2026,"SR",5087,5087,100
"SO",2020,"SR",26,8777,0.296228779765296
"SO",2021,"SR",438,8760,5
"SO",2022,"SR",171,8760,1.95205479452055
"SO",2023,"SR",79,8758,0.902032427494862
"SO",2024,"SR",191,8784,2.17440801457195
"SO",2025,"SR",239,8758,2.7289335464718
"SO",2026,"SR",6,5087,0.117947709848634
"SO2",2020,"SR",5,8776,0.0569735642661805
"SO2",2021,"SR",10,8759,0.114168284050691
"SO2",2022,"SR",11,8760,0.125570776255708
"SO2",2023,"SR",19,8758,0.216944507878511
"SO2",2024,"SR",10,8782,0.113869278068777
"SO2",2025,"SR",8,8758,0.0913450559488468
"SO2",2026,"SR",6,5087,0.117947709848634
"SUR",2020,"SR",3,8775,0.0341880341880342
"SUR",2021,"SR",63,8759,0.719260189519352
"SUR",2022,"SR",51,8760,0.582191780821918
"SUR",2023,"SR",5,8757,0.0570971793993377
"SUR",2024,"SR",40,8782,0.455477112275108
"SUR",2025,"SR",231,8759,2.63728736157096
"SUR",2026,"SR",22,5087,0.432474936111657
"CE",2020,"TOUT",133,8784,1.51411657559199
"CE",2021,"TOUT",201,8760,2.29452054794521
"CE",2022,"TOUT",148,8760,1.68949771689498
"CE",2023,"TOUT",158,8758,1.80406485498972
"CE",2024,"TOUT",192,8784,2.18579234972678
"CE",2025,"TOUT",192,8759,2.19203105377326
"CE",2026,"TOUT",69,5087,1.35639866325929
"NE",2020,"TOUT",1951,8776,22.2310847766636
"NE",2021,"TOUT",52,8759,0.593675077063592
"NE",2022,"TOUT",146,8760,1.66666666666667
"NE",2023,"TOUT",95,8758,1.08472253939256
"NE",2024,"TOUT",3780,8784,43.0327868852459
"NE",2025,"TOUT",8112,8758,92.6238867321306
"NE",2026,"TOUT",4537,5087,89.1881265972086
"NE2",2020,"TOUT",297,8776,3.38422971741112
"NE2",2021,"TOUT",254,8759,2.89987441488754
"NE2",2022,"TOUT",123,8760,1.4041095890411
"NE2",2023,"TOUT",179,8758,2.04384562685545
"NE2",2024,"TOUT",258,8782,2.93782737417445
"NE2",2025,"TOUT",224,8758,2.55766156656771
"NE2",2026,"TOUT",304,5087,5.97601729899744
"NE3",2021,"TOUT",426,8759,4.86356890055942
"NE3",2022,"TOUT",415,8760,4.73744292237443
"NE3",2023,"TOUT",238,8757,2.71782573940847
"NE3",2024,"TOUT",429,8782,4.88499202915054
"NE3",2025,"TOUT",384,8759,4.38406210754652
"NE3",2026,"TOUT",1042,5087,20.4835856103794
"NO",2020,"TOUT",112,8778,1.27591706539075
"NO",2021,"TOUT",100,8759,1.14168284050691
"NO",2022,"TOUT",393,8760,4.48630136986301
"NO",2023,"TOUT",193,8758,2.20369947476593
"NO",2024,"TOUT",4632,8783,52.7382443356484
"NO",2025,"TOUT",842,8759,9.61296951706816
"NO",2026,"TOUT",488,5087,9.59308040102221
"NO2",2020,"TOUT",109,8776,1.24202370100273
"NO2",2021,"TOUT",657,8759,7.50085626213038
"NO2",2022,"TOUT",119,8760,1.35844748858447
"NO2",2023,"TOUT",90,8759,1.02751455645622
"NO2",2024,"TOUT",219,8782,2.49373718970622
"NO2",2025,"TOUT",84,8758,0.959123087462891
"NO2",2026,"TOUT",50,5087,0.982897582071948
"NO3",2022,"TOUT",1,743,0.134589502018843
"NO3",2023,"TOUT",76,8759,0.86767895878525
"NO3",2024,"TOUT",71,8784,0.808287795992714
"NO3",2025,"TOUT",2532,8759,28.9074095216349
"NO3",2026,"TOUT",55,5087,1.08118734027914
"NTE",2020,"TOUT",7476,8777,85.1771675971289
"NTE",2021,"TOUT",2222,8759,25.3681927160635
"NTE",2022,"TOUT",157,8760,1.79223744292237
"NTE",2023,"TOUT",301,8758,3.43685773007536
"NTE",2024,"TOUT",82,8782,0.933728080163972
"NTE",2025,"TOUT",116,8759,1.32435209498801
"NTE",2026,"TOUT",49,5087,0.963239630430509
"NTE2",2020,"TOUT",158,8776,1.8003646308113
"NTE2",2021,"TOUT",119,8759,1.35860258020322
"NTE2",2022,"TOUT",66,8760,0.753424657534247
"NTE2",2023,"TOUT",52,8758,0.593742863667504
"NTE2",2024,"TOUT",112,8782,1.2753359143703
"NTE2",2025,"TOUT",133,8758,1.51861155514958
"NTE2",2026,"TOUT",23,5087,0.452132887753096
"SE",2020,"TOUT",644,8779,7.33568743592664
"SE",2021,"TOUT",2683,8759,30.6313506108003
"SE",2022,"TOUT",92,8760,1.05022831050228
"SE",2023,"TOUT",40,8758,0.456725279744234
"SE",2024,"TOUT",111,8784,1.26366120218579
"SE",2025,"TOUT",301,8759,3.43646534992579
"SE",2026,"TOUT",101,5087,1.98545311578534
"SE2",2020,"TOUT",1562,8776,17.7985414767548
"SE2",2021,"TOUT",517,8760,5.90182648401827
"SE2",2022,"TOUT",334,8760,3.81278538812785
"SE2",2023,"TOUT",58,8758,0.662251655629139
"SE2",2024,"TOUT",198,8782,2.25461170576179
"SE2",2025,"TOUT",170,8759,1.94086082886174
"SE2",2026,"TOUT",337,5087,6.62472970316493
"SE3",2020,"TOUT",126,8776,1.43573381950775
"SE3",2021,"TOUT",483,8759,5.51432811964836
"SE3",2022,"TOUT",149,8760,1.70091324200913
"SE3",2023,"TOUT",194,8758,2.21511760675953
"SE3",2024,"TOUT",81,8782,0.922341152357094
"SE3",2025,"TOUT",93,8758,1.06188627540534
"SE3",2026,"TOUT",58,5087,1.14016119520346
"SO",2020,"TOUT",62,8777,0.706391705594167
"SO",2021,"TOUT",527,8760,6.01598173515982
"SO",2022,"TOUT",236,8760,2.69406392694064
"SO",2023,"TOUT",45,8758,0.513815939712263
"SO",2024,"TOUT",259,8784,2.94854280510018
"SO",2025,"TOUT",1129,8758,12.891071020781
"SO",2026,"TOUT",52,5087,1.02221348535483
"SO2",2020,"TOUT",39,8776,0.444393801276208
"SO2",2021,"TOUT",133,8759,1.51843817787419
"SO2",2022,"TOUT",136,8760,1.55251141552511
"SO2",2023,"TOUT",40,8758,0.456725279744234
"SO2",2024,"TOUT",30,8782,0.341607834206331
"SO2",2025,"TOUT",27,8758,0.308289563827358
"SO2",2026,"TOUT",59,5087,1.1598191468449
"SUR",2020,"TOUT",47,8775,0.535612535612536
"SUR",2021,"TOUT",148,8759,1.68969060395022
"SUR",2022,"TOUT",94,8760,1.07305936073059
"SUR",2023,"TOUT",281,8757,3.20886148224278
"SUR",2024,"TOUT",551,8782,6.27419722158962
"SUR",2025,"TOUT",1209,8759,13.8029455417285
"SUR",2026,"TOUT",353,5087,6.93925692942795
"CE",2020,"WSR",131,8784,1.49134790528233
"CE",2021,"WSR",241,8760,2.75114155251142
"CE",2022,"WSR",149,8760,1.70091324200913
"CE",2023,"WSR",158,8758,1.80406485498972
"CE",2024,"WSR",196,8784,2.23132969034608
"CE",2025,"WSR",251,8759,2.86562392967234
"CE",2026,"WSR",101,5087,1.98545311578534
"NE",2020,"WSR",4178,8776,47.6071103008204
"NE",2021,"WSR",2157,8759,24.626098869734
"NE",2022,"WSR",134,8760,1.5296803652968
"NE",2023,"WSR",95,8758,1.08472253939256
"NE",2024,"WSR",145,8784,1.65072859744991
"NE",2025,"WSR",326,8758,3.72231102991551
"NE",2026,"WSR",388,5087,7.62728523687832
"NE2",2020,"WSR",3588,8776,40.8842297174111
"NE2",2021,"WSR",2408,8759,27.4917227994063
"NE2",2022,"WSR",114,8760,1.3013698630137
"NE2",2023,"WSR",246,8758,2.80886047042704
"NE2",2024,"WSR",292,8782,3.32498291960829
"NE2",2025,"WSR",249,8758,2.84311486640786
"NE2",2026,"WSR",273,5087,5.36662079811284
"NE3",2021,"WSR",808,8759,9.22479735129581
"NE3",2022,"WSR",855,8760,9.76027397260274
"NE3",2023,"WSR",191,8757,2.1811122530547
"NE3",2024,"WSR",428,8782,4.87360510134366
"NE3",2025,"WSR",585,8759,6.67884461696541
"NE3",2026,"WSR",396,5087,7.78454885000983
"NO",2020,"WSR",384,8778,4.37457279562543
"NO",2021,"WSR",1245,8759,14.213951364311
"NO",2022,"WSR",429,8760,4.8972602739726
"NO",2023,"WSR",191,8758,2.18086321077872
"NO",2024,"WSR",560,8783,6.37595354662416
"NO",2025,"WSR",202,8759,2.30619933782395
"NO",2026,"WSR",133,5087,2.61450756831138
"NO2",2020,"WSR",781,8776,8.89927073837739
"NO2",2021,"WSR",764,8759,8.72245690147277
"NO2",2022,"WSR",118,8760,1.34703196347032
"NO2",2023,"WSR",89,8759,1.01609772805115
"NO2",2024,"WSR",218,8782,2.48235026189934
"NO2",2025,"WSR",97,8758,1.10755880337977
"NO2",2026,"WSR",51,5087,1.00255553371339
"NO3",2022,"WSR",6,743,0.807537012113055
"NO3",2023,"WSR",1909,8759,21.7947254252769
"NO3",2024,"WSR",135,8784,1.53688524590164
"NO3",2025,"WSR",340,8759,3.88172165772348
"NO3",2026,"WSR",144,5087,2.83074503636721
"NTE",2020,"WSR",6633,8777,75.5725190839695
"NTE",2021,"WSR",2221,8759,25.3567758876584
"NTE",2022,"WSR",155,8760,1.76940639269406
"NTE",2023,"WSR",302,8758,3.44827586206897
"NTE",2024,"WSR",84,8782,0.956501935777727
"NTE",2025,"WSR",114,8759,1.30151843817787
"NTE",2026,"WSR",51,5087,1.00255553371339
"NTE2",2020,"WSR",159,8776,1.81175934366454
"NTE2",2021,"WSR",90,8759,1.02751455645622
"NTE2",2022,"WSR",64,8760,0.730593607305936
"NTE2",2023,"WSR",50,8758,0.570906599680292
"NTE2",2024,"WSR",113,8782,1.28672284217718
"NTE2",2025,"WSR",135,8758,1.54144781913679
"NTE2",2026,"WSR",22,5087,0.432474936111657
"SE",2020,"WSR",241,8779,2.74518737897255
"SE",2021,"WSR",256,8759,2.92270807169768
"SE",2022,"WSR",92,8760,1.05022831050228
"SE",2023,"WSR",41,8758,0.46814341173784
"SE",2024,"WSR",122,8784,1.38888888888889
"SE",2025,"WSR",319,8759,3.64196826121703
"SE",2026,"WSR",95,5087,1.8675054059367
"SE2",2020,"WSR",1767,8776,20.1344576116682
"SE2",2021,"WSR",940,8760,10.7305936073059
"SE2",2022,"WSR",480,8760,5.47945205479452
"SE2",2023,"WSR",254,8758,2.90020552637589
"SE2",2024,"WSR",193,8782,2.1976770667274
"SE2",2025,"WSR",170,8759,1.94086082886174
"SE2",2026,"WSR",331,5087,6.5067819933163
"SE3",2020,"WSR",131,8776,1.49270738377393
"SE3",2021,"WSR",491,8759,5.60566274688891
"SE3",2022,"WSR",159,8760,1.81506849315068
"SE3",2023,"WSR",330,8758,3.76798355788993
"SE3",2024,"WSR",147,8782,1.67387838761102
"SE3",2025,"WSR",192,8758,2.19228134277232
"SE3",2026,"WSR",139,5087,2.73245527816002
"SO",2020,"WSR",70,8777,0.797539022445027
"SO",2021,"WSR",246,8760,2.80821917808219
"SO",2022,"WSR",241,8760,2.75114155251142
"SO",2023,"WSR",133,8758,1.51861155514958
"SO",2024,"WSR",300,8784,3.41530054644809
"SO",2025,"WSR",1131,8758,12.9139072847682
"SO",2026,"WSR",55,5087,1.08118734027914
"SO2",2020,"WSR",4426,8776,50.432999088423
"SO2",2021,"WSR",2077,8759,23.7127525973285
"SO2",2022,"WSR",136,8760,1.55251141552511
"SO2",2023,"WSR",39,8758,0.445307147750628
"SO2",2024,"WSR",33,8782,0.375768617626964
"SO2",2025,"WSR",27,8758,0.308289563827358
"SO2",2026,"WSR",60,5087,1.17947709848634
"SUR",2020,"WSR",257,8775,2.92877492877493
"SUR",2021,"WSR",192,8759,2.19203105377326
"SUR",2022,"WSR",94,8760,1.07305936073059
"SUR",2023,"WSR",35,8757,0.399680255795364
"SUR",2024,"WSR",39,8782,0.444090184468231
"SUR",2025,"WSR",553,8759,6.3135061080032
"SUR",2026,"WSR",367,5087,7.2144682524081
"CE",2020,"WDR",133,8784,1.51411657559199
"CE",2021,"WDR",207,8760,2.36301369863014
"CE",2022,"WDR",158,8760,1.80365296803653
"CE",2023,"WDR",165,8758,1.88399177894496
"CE",2024,"WDR",195,8784,2.21994535519126
"CE",2025,"WDR",193,8759,2.20344788217833
"CE",2026,"WDR",70,5087,1.37605661490073
"NE",2020,"WDR",3300,8776,37.6025524156791
"NE",2021,"WDR",158,8759,1.80385888800091
"NE",2022,"WDR",143,8760,1.6324200913242
"NE",2023,"WDR",103,8758,1.1760675953414
"NE",2024,"WDR",143,8784,1.62795992714026
"NE",2025,"WDR",233,8758,2.66042475451016
"NE",2026,"WDR",337,5087,6.62472970316493
"NE2",2020,"WDR",1193,8776,13.5938924339107
"NE2",2021,"WDR",278,8759,3.1738782966092
"NE2",2022,"WDR",2511,8760,28.6643835616438
"NE2",2023,"WDR",211,8758,2.40922585065083
"NE2",2024,"WDR",261,8782,2.97198815759508
"NE2",2025,"WDR",518,8758,5.91459237268783
"NE2",2026,"WDR",282,5087,5.54354236288579
"NE3",2021,"WDR",390,8759,4.45256307797694
"NE3",2022,"WDR",380,8760,4.337899543379
"NE3",2023,"WDR",174,8757,1.98698184309695
"NE3",2024,"WDR",390,8782,4.44090184468231
"NE3",2025,"WDR",334,8759,3.81322068729307
"NE3",2026,"WDR",328,5087,6.44780813839198
"NO",2020,"WDR",3282,8778,37.3889268626111
"NO",2021,"WDR",849,8759,9.69288731590364
"NO",2022,"WDR",420,8760,4.79452054794521
"NO",2023,"WDR",196,8758,2.23795387074675
"NO",2024,"WDR",567,8783,6.45565296595696
"NO",2025,"WDR",211,8759,2.40895079346957
"NO",2026,"WDR",145,5087,2.85040298800865
"NO2",2020,"WDR",1726,8776,19.6672743846855
"NO2",2021,"WDR",1480,8759,16.8969060395022
"NO2",2022,"WDR",120,8760,1.36986301369863
"NO2",2023,"WDR",92,8759,1.05034821326635
"NO2",2024,"WDR",219,8782,2.49373718970622
"NO2",2025,"WDR",85,8758,0.970541219456497
"NO2",2026,"WDR",49,5087,0.963239630430509
"NO3",2022,"WDR",101,743,13.5935397039031
"NO3",2023,"WDR",174,8759,1.98652814248202
"NO3",2024,"WDR",73,8784,0.831056466302368
"NO3",2025,"WDR",211,8759,2.40895079346957
"NO3",2026,"WDR",52,5087,1.02221348535483
"NTE",2020,"WDR",7279,8777,82.9326649196764
"NTE",2021,"WDR",2224,8759,25.3910263728736
"NTE",2022,"WDR",256,8760,2.92237442922374
"NTE",2023,"WDR",804,8758,9.1801781228591
"NTE",2024,"WDR",98,8782,1.11591892507402
"NTE",2025,"WDR",121,8759,1.38143623701336
"NTE",2026,"WDR",54,5087,1.0615293886377
"NTE2",2020,"WDR",162,8776,1.84594348222425
"NTE2",2021,"WDR",104,8759,1.18735015412718
"NTE2",2022,"WDR",80,8760,0.91324200913242
"NTE2",2023,"WDR",68,8758,0.776432975565198
"NTE2",2024,"WDR",127,8782,1.44613983147347
"NTE2",2025,"WDR",143,8758,1.63279287508564
"NTE2",2026,"WDR",20,5087,0.393159032828779
"SE",2020,"WDR",7986,8779,90.9670805330903
"SE",2021,"WDR",2255,8759,25.7449480534308
"SE",2022,"WDR",95,8760,1.08447488584475
"SE",2023,"WDR",40,8758,0.456725279744234
"SE",2024,"WDR",113,8784,1.28642987249545
"SE",2025,"WDR",309,8759,3.52779997716634
"SE",2026,"WDR",94,5087,1.84784745429526
"SE2",2020,"WDR",694,8776,7.90793072014585
"SE2",2021,"WDR",519,8760,5.92465753424658
"SE2",2022,"WDR",361,8760,4.12100456621005
"SE2",2023,"WDR",410,8758,4.6814341173784
"SE2",2024,"WDR",199,8782,2.26599863356866
"SE2",2025,"WDR",175,8759,1.99794497088709
"SE2",2026,"WDR",334,5087,6.56575584824061
"SE3",2020,"WDR",141,8776,1.60665451230629
"SE3",2021,"WDR",493,8759,5.62849640369905
"SE3",2022,"WDR",149,8760,1.70091324200913
"SE3",2023,"WDR",196,8758,2.23795387074675
"SE3",2024,"WDR",77,8782,0.876793441129583
"SE3",2025,"WDR",98,8758,1.11897693537337
"SE3",2026,"WDR",148,5087,2.90937684293297
"SO",2020,"WDR",1553,8777,17.6939728836732
"SO",2021,"WDR",789,8760,9.00684931506849
"SO",2022,"WDR",238,8760,2.71689497716895
"SO",2023,"WDR",49,8758,0.559488467686687
"SO",2024,"WDR",280,8784,3.18761384335155
"SO",2025,"WDR",1101,8758,12.57136332496
"SO",2026,"WDR",774,5087,15.2152545704738
"SO2",2020,"WDR",40,8776,0.455788514129444
"SO2",2021,"WDR",137,8759,1.56410549149446
"SO2",2022,"WDR",626,8760,7.14611872146119
"SO2",2023,"WDR",39,8758,0.445307147750628
"SO2",2024,"WDR",43,8782,0.489637895695741
"SO2",2025,"WDR",33,8758,0.376798355788993
"SO2",2026,"WDR",59,5087,1.1598191468449
"SUR",2020,"WDR",7749,8775,88.3076923076923
"SUR",2021,"WDR",2244,8759,25.619362940975
"SUR",2022,"WDR",114,8760,1.3013698630137
"SUR",2023,"WDR",53,8757,0.605230101632979
"SUR",2024,"WDR",41,8782,0.466864040081986
"SUR",2025,"WDR",540,8759,6.1650873387373
"SUR",2026,"WDR",363,5087,7.13583644584234
