estacion,variable,faltantes,registros,porcentaje
"CE","CO",4127,57692,7.15350481869237
"NE","CO",6885,57682,11.9361325890226
"NE2","CO",8451,57680,14.6515256588072
"NE3","CO",4563,48904,9.33052511042042
"NO","CO",15200,57684,26.3504611330698
"NO2","CO",2123,57681,3.6805880619268
"NO3","CO",5812,32132,18.0878874642101
"NTE","CO",12489,57682,21.6514683956867
"NTE2","CO",3460,57680,5.99861303744799
"SE","CO",5956,57686,10.3248621849322
"SE2","CO",15141,57682,26.2490898373843
"SE3","CO",5265,57680,9.12794729542302
"SO","CO",7332,57684,12.7106303307676
"SO2","CO",2904,57680,5.03467406380028
"SUR","CO",12100,57679,20.9781722984102
"CE","NO",5465,57692,9.472717187825
"NE","NO",8725,57682,15.1260358517388
"NE2","NO",16810,57680,29.1435506241332
"NE3","NO",4277,48904,8.74570587273025
"NO","NO",11353,57684,19.6813674502462
"NO2","NO",5381,57681,9.32889513011217
"NO3","NO",8152,32132,25.3703473173161
"NTE","NO",13402,57682,23.2342845255019
"NTE2","NO",8912,57680,15.4507628294036
"SE","NO",13076,57686,22.6675449849184
"SE2","NO",12689,57682,21.9981970111993
"SE3","NO",2259,57680,3.91643550624133
"SO","NO",5441,57684,9.43242493585743
"SO2","NO",6008,57680,10.4160887656033
"SUR","NO",12930,57679,22.4171708940862
"CE","NO2",4178,57692,7.24190529016155
"NE","NO2",12422,57682,21.53531430949
"NE2","NO2",15953,57680,27.6577669902913
"NE3","NO2",4037,48904,8.25494847047276
"NO","NO2",13299,57684,23.0549199084668
"NO2","NO2",7484,57681,12.9748097293736
"NO3","NO2",8094,32132,25.1898419021536
"NTE","NO2",13042,57682,22.6101730175791
"NTE2","NO2",9359,57680,16.2257281553398
"SE","NO2",11631,57686,20.1626044447526
"SE2","NO2",12816,57682,22.2183696820499
"SE3","NO2",1806,57680,3.13106796116505
"SO","NO2",6441,57684,11.1660079051383
"SO2","NO2",5233,57680,9.07246879334258
"SUR","NO2",12438,57679,21.5641741361674
"CE","NOX",4300,57692,7.45337308465645
"NE","NOX",12422,57682,21.53531430949
"NE2","NOX",15611,57680,27.0648404993065
"NE3","NOX",4078,48904,8.33878619335842
"NO","NOX",13561,57684,23.5091186464184
"NO2","NOX",5029,57681,8.71864218720203
"NO3","NOX",8198,32132,25.5135067845139
"NTE","NOX",12894,57682,22.3535938420998
"NTE2","NOX",9358,57680,16.2239944521498
"SE","NOX",11626,57686,20.1539368304268
"SE2","NOX",11899,57682,20.6286189799244
"SE3","NOX",1787,57680,3.09812760055479
"SO","NOX",6916,57684,11.9894598155468
"SO2","NOX",5233,57680,9.07246879334258
"SUR","NOX",10895,57679,18.8890237348082
"CE","O3",3942,57692,6.83283644179436
"NE","O3",12267,57682,21.2665996324677
"NE2","O3",11732,57680,20.3398058252427
"NE3","O3",2472,48904,5.05480124325209
"NO","O3",13545,57684,23.4813813189099
"NO2","O3",3521,57681,6.10426310223471
"NO3","O3",4767,32132,14.8356778289556
"NTE","O3",12243,57682,21.2249921986062
"NTE2","O3",10442,57680,18.1033287101248
"SE","O3",2185,57686,3.787747460389
"SE2","O3",14928,57682,25.8798238618633
"SE3","O3",3891,57680,6.74583911234397
"SO","O3",5220,57684,9.04930309964635
"SO2","O3",1163,57680,2.01629680998613
"SUR","O3",10880,57679,18.8630177360911
"CE","PM10",1588,57692,2.75254801358941
"NE","PM10",2060,57682,3.57130473978017
"NE2","PM10",2827,57680,4.90117891816921
"NE3","PM10",2719,48904,5.55987240307541
"NO","PM10",2988,57684,5.17994591221136
"NO2","PM10",1486,57681,2.57623827603544
"NO3","PM10",3592,32132,11.1788870907507
"NTE","PM10",4517,57682,7.83086578135294
"NTE2","PM10",1923,57680,3.33391123439667
"SE","PM10",2027,57686,3.51385084769268
"SE2","PM10",2897,57682,5.02236399570057
"SE3","PM10",2132,57680,3.69625520110957
"SO","PM10",1721,57684,2.98349629013245
"SO2","PM10",2830,57680,4.90638002773925
"SUR","PM10",1384,57679,2.39948681495865
"CE","PM2.5",7783,57692,13.4906052832282
"NE","PM2.5",4118,57682,7.13914219340522
"NE2","PM2.5",17463,57680,30.2756588072122
"NE3","PM2.5",41976,48904,85.833469654834
"NO","PM2.5",26765,57684,46.3993481728036
"NO2","PM2.5",7888,57681,13.6752136752137
"NO3","PM2.5",24708,32132,76.8953068592058
"NTE","PM2.5",8937,57682,15.4935681841822
"NTE2","PM2.5",7901,57680,13.6979889042996
"SE","PM2.5",7704,57686,13.3550601532434
"SE2","PM2.5",7177,57682,12.442356367671
"SE3","PM2.5",6930,57680,12.0145631067961
"SO","PM2.5",6086,57684,10.5505859510436
"SO2","PM2.5",7875,57680,13.6529126213592
"SUR","PM2.5",16062,57679,27.8472234262036
"CE","PRS",1145,57692,1.98467725161201
"NE","PRS",3008,57682,5.21479837731008
"NE2","PRS",1825,57680,3.16400832177531
"NE3","PRS",3216,48904,6.57614919025029
"NO","PRS",1837,57684,3.18459191456903
"NO2","PRS",2065,57681,3.58003502019729
"NO3","PRS",2823,32132,8.78563425868293
"NTE","PRS",10992,57682,19.0562047085746
"NTE2","PRS",686,57680,1.18932038834951
"SE","PRS",3298,57686,5.71715840931942
"SE2","PRS",3294,57682,5.71062029749315
"SE3","PRS",3034,57680,5.26005547850208
"SO","PRS",3396,57684,5.88724776367797
"SO2","PRS",476,57680,0.825242718446602
"SUR","PRS",4954,57679,8.58891450961355
"CE","RAINF",1069,57692,1.85294321569715
"NE","RAINF",2524,57682,4.3757151277695
"NE2","RAINF",1537,57680,2.66470180305132
"NE3","RAINF",1922,48904,3.93014886307869
"NO","RAINF",1557,57684,2.69918868317038
"NO2","RAINF",975,57681,1.69033130493577
"NO3","RAINF",2720,32132,8.46508153865306
"NTE","RAINF",11913,57682,20.6528899830103
"NTE2","RAINF",637,57680,1.10436893203884
"SE","RAINF",1130,57686,1.95888083763825
"SE2","RAINF",10133,57682,17.5670053049478
"SE3","RAINF",1153,57680,1.99895977808599
"SO","RAINF",1825,57684,3.16378891893766
"SO2","RAINF",463,57680,0.802704576976422
"SUR","RAINF",1225,57679,2.12382322855805
"CE","RH",1301,57692,2.25507869375303
"NE","RH",3241,57682,5.6187372143823
"NE2","RH",2310,57680,4.00485436893204
"NE3","RH",2695,48904,5.51079666284967
"NO","RH",9672,57684,16.767214478885
"NO2","RH",2439,57681,4.22842877203932
"NO3","RH",10607,32132,33.0107058384165
"NTE","RH",35836,57682,62.1268333275545
"NTE2","RH",848,57680,1.47018030513176
"SE","RH",1243,57686,2.15476892140207
"SE2","RH",16578,57682,28.7403349398426
"SE3","RH",1522,57680,2.63869625520111
"SO","RH",12459,57684,21.5987102142709
"SO2","RH",814,57680,1.41123439667129
"SUR","RH",2674,57679,4.63600270462387
"CE","SO2",2632,57692,4.56215766484088
"NE","SO2",12218,57682,21.1816511216671
"NE2","SO2",6244,57680,10.8252427184466
"NE3","SO2",16970,48904,34.7006379846229
"NO","SO2",9740,57684,16.8850981207961
"NO2","SO2",5816,57681,10.0830429430835
"NO3","SO2",4024,32132,12.5233412174779
"NTE","SO2",14865,57682,25.7706043479768
"NTE2","SO2",12780,57680,22.1567267683773
"SE","SO2",3534,57686,6.12626980549873
"SE2","SO2",3894,57682,6.75080614403107
"SE3","SO2",3228,57680,5.59639389736477
"SO","SO2",3810,57684,6.60495111296027
"SO2","SO2",3855,57680,6.68342579750347
"SUR","SO2",13381,57679,23.1990845888452
"CE","SR",690,57692,1.19600637870069
"NE","SR",4335,57682,7.51534274123643
"NE2","SR",441,57680,0.764563106796117
"NE3","SR",6112,48904,12.4979551774906
"NO","SR",1205,57684,2.0889674779835
"NO2","SR",15538,57681,26.9378131447097
"NO3","SR",559,32132,1.73969874268642
"NTE","SR",9333,57682,16.1800908428973
"NTE2","SR",248,57680,0.42995839112344
"SE","SR",357,57686,0.618867662864473
"SE2","SR",544,57682,0.943101834194376
"SE3","SR",5626,57680,9.75381414701803
"SO","SR",1150,57684,1.99362041467305
"SO2","SR",69,57680,0.119625520110957
"SUR","SR",415,57679,0.719499297838035
"CE","TOUT",1093,57692,1.894543437565
"NE","TOUT",18673,57682,32.3723171873375
"NE2","TOUT",1639,57680,2.84153952843273
"NE3","TOUT",2934,48904,5.99950924259774
"NO","TOUT",6760,57684,11.719020872339
"NO2","TOUT",1328,57681,2.30231792097918
"NO3","TOUT",2735,32132,8.51176397360886
"NTE","TOUT",10403,57682,18.0350889358899
"NTE2","TOUT",663,57680,1.1494452149792
"SE","TOUT",3972,57686,6.8855528204417
"SE2","TOUT",3176,57682,5.5060504143407
"SE3","TOUT",1184,57680,2.05270457697642
"SO","TOUT",2310,57684,4.0045766590389
"SO2","TOUT",464,57680,0.804438280166436
"SUR","TOUT",2683,57679,4.65160630385409
"CE","WSR",1227,57692,2.12681134299383
"NE","WSR",7423,57682,12.8688325647516
"NE2","WSR",7170,57680,12.4306518723994
"NE3","WSR",3263,48904,6.67225584819238
"NO","WSR",3144,57684,5.45038485541918
"NO2","WSR",2118,57681,3.67191969626047
"NO3","WSR",2534,32132,7.88621934520105
"NTE","WSR",9560,57682,16.5736278215041
"NTE2","WSR",633,57680,1.09743411927878
"SE","WSR",1166,57686,2.02128766078425
"SE2","WSR",4135,57682,7.1686141257238
"SE3","WSR",1589,57680,2.75485436893204
"SO","WSR",2176,57684,3.77227654115526
"SO2","WSR",6798,57680,11.7857142857143
"SUR","WSR",1537,57679,2.66474800187243
"CE","WDR",1121,57692,1.94307702974416
"NE","WDR",4417,57682,7.65750147359662
"NE2","WDR",5254,57680,9.10887656033287
"NE3","WDR",1996,48904,4.08146572877474
"NO","WDR",5670,57684,9.82941543582276
"NO2","WDR",3771,57681,6.53768138555157
"NO3","WDR",611,32132,1.90153118386655
"NTE","WDR",10836,57682,18.7857563884747
"NTE2","WDR",704,57680,1.22052704576976
"SE","WDR",10892,57686,18.8815310473945
"SE2","WDR",2692,57682,4.66696716480011
"SE3","WDR",1302,57680,2.25728155339806
"SO","WDR",4784,57684,8.29346092503987
"SO2","WDR",977,57680,1.69382801664355
"SUR","WDR",11104,57679,19.2513739835989
