fecha_hora,anio,estacion
"2020-01-28 11:00:00",2020,"NE"
"2020-01-28 18:00:00",2020,"NE"
"2020-04-11 06:00:00",2020,"NE"
"2020-05-27 20:00:00",2020,"NE"
"2020-06-08 14:00:00",2020,"NE"
"2020-06-24 18:00:00",2020,"NE"
"2020-06-30 13:00:00",2020,"NE"
"2020-12-20 06:00:00",2020,"NE"
"2020-01-28 11:00:00",2020,"NE2"
"2020-01-28 18:00:00",2020,"NE2"
"2020-04-11 06:00:00",2020,"NE2"
"2020-05-27 20:00:00",2020,"NE2"
"2020-06-08 14:00:00",2020,"NE2"
"2020-06-24 18:00:00",2020,"NE2"
"2020-06-30 13:00:00",2020,"NE2"
"2020-12-20 06:00:00",2020,"NE2"
"2020-04-11 06:00:00",2020,"NO"
"2020-05-27 20:00:00",2020,"NO"
"2020-06-08 14:00:00",2020,"NO"
"2020-06-24 18:00:00",2020,"NO"
"2020-06-30 13:00:00",2020,"NO"
"2020-12-20 06:00:00",2020,"NO"
"2020-01-28 11:00:00",2020,"NO2"
"2020-01-28 18:00:00",2020,"NO2"
"2020-04-11 06:00:00",2020,"NO2"
"2020-05-27 20:00:00",2020,"NO2"
"2020-06-08 14:00:00",2020,"NO2"
"2020-06-24 18:00:00",2020,"NO2"
"2020-06-30 13:00:00",2020,"NO2"
"2020-12-20 06:00:00",2020,"NO2"
"2020-01-28 11:00:00",2020,"NTE"
"2020-01-28 18:00:00",2020,"NTE"
"2020-04-11 06:00:00",2020,"NTE"
"2020-05-27 20:00:00",2020,"NTE"
"2020-06-08 14:00:00",2020,"NTE"
"2020-06-24 18:00:00",2020,"NTE"
"2020-06-30 13:00:00",2020,"NTE"
"2020-01-28 11:00:00",2020,"NTE2"
"2020-01-28 18:00:00",2020,"NTE2"
"2020-04-11 06:00:00",2020,"NTE2"
"2020-05-27 20:00:00",2020,"NTE2"
"2020-06-08 14:00:00",2020,"NTE2"
"2020-06-24 18:00:00",2020,"NTE2"
"2020-06-30 13:00:00",2020,"NTE2"
"2020-12-20 06:00:00",2020,"NTE2"
"2020-01-28 18:00:00",2020,"SE"
"2020-04-11 06:00:00",2020,"SE"
"2020-05-27 20:00:00",2020,"SE"
"2020-06-24 18:00:00",2020,"SE"
"2020-12-20 06:00:00",2020,"SE"
"2020-01-28 11:00:00",2020,"SE2"
"2020-01-28 18:00:00",2020,"SE2"
"2020-04-11 06:00:00",2020,"SE2"
"2020-05-27 20:00:00",2020,"SE2"
"2020-06-08 14:00:00",2020,"SE2"
"2020-06-24 18:00:00",2020,"SE2"
"2020-06-30 13:00:00",2020,"SE2"
"2020-12-20 06:00:00",2020,"SE2"
"2020-01-28 11:00:00",2020,"SE3"
"2020-01-28 18:00:00",2020,"SE3"
"2020-04-11 06:00:00",2020,"SE3"
"2020-05-27 20:00:00",2020,"SE3"
"2020-06-08 14:00:00",2020,"SE3"
"2020-06-24 18:00:00",2020,"SE3"
"2020-06-30 13:00:00",2020,"SE3"
"2020-12-20 06:00:00",2020,"SE3"
"2020-01-28 11:00:00",2020,"SO"
"2020-01-28 18:00:00",2020,"SO"
"2020-04-11 06:00:00",2020,"SO"
"2020-05-27 20:00:00",2020,"SO"
"2020-06-08 14:00:00",2020,"SO"
"2020-06-24 18:00:00",2020,"SO"
"2020-12-20 06:00:00",2020,"SO"
"2020-01-28 11:00:00",2020,"SO2"
"2020-01-28 18:00:00",2020,"SO2"
"2020-04-11 06:00:00",2020,"SO2"
"2020-05-27 20:00:00",2020,"SO2"
"2020-06-08 14:00:00",2020,"SO2"
"2020-06-24 18:00:00",2020,"SO2"
"2020-06-30 13:00:00",2020,"SO2"
"2020-12-20 06:00:00",2020,"SO2"
"2020-01-28 11:00:00",2020,"SUR"
"2020-01-28 18:00:00",2020,"SUR"
"2020-04-07 18:00:00",2020,"SUR"
"2020-04-11 06:00:00",2020,"SUR"
"2020-05-27 20:00:00",2020,"SUR"
"2020-06-08 14:00:00",2020,"SUR"
"2020-06-24 18:00:00",2020,"SUR"
"2020-06-30 13:00:00",2020,"SUR"
"2020-12-20 06:00:00",2020,"SUR"
"2021-04-19 09:00:00",2021,"NE"
"2021-04-19 09:00:00",2021,"NE2"
"2021-04-19 09:00:00",2021,"NE3"
"2021-04-19 09:00:00",2021,"NO"
"2021-04-19 09:00:00",2021,"NO2"
"2021-04-19 09:00:00",2021,"NTE"
"2021-04-19 09:00:00",2021,"NTE2"
"2021-04-19 09:00:00",2021,"SE"
"2021-04-19 09:00:00",2021,"SE3"
"2021-04-19 09:00:00",2021,"SO2"
"2021-04-19 09:00:00",2021,"SUR"
"2023-02-11 19:00:00",2023,"CE"
"2023-10-31 17:00:00",2023,"CE"
"2023-02-11 19:00:00",2023,"NE"
"2023-10-31 17:00:00",2023,"NE"
"2023-02-11 19:00:00",2023,"NE2"
"2023-10-31 17:00:00",2023,"NE2"
"2023-01-12 17:00:00",2023,"NE3"
"2023-02-11 19:00:00",2023,"NE3"
"2023-10-31 17:00:00",2023,"NE3"
"2023-02-11 19:00:00",2023,"NO"
"2023-10-31 17:00:00",2023,"NO"
"2023-02-11 19:00:00",2023,"NO2"
"2023-10-31 17:00:00",2023,"NO3"
"2023-02-11 19:00:00",2023,"NTE"
"2023-10-31 17:00:00",2023,"NTE"
"2023-02-11 19:00:00",2023,"NTE2"
"2023-10-31 17:00:00",2023,"NTE2"
"2023-02-11 19:00:00",2023,"SE"
"2023-10-31 17:00:00",2023,"SE"
"2023-02-11 19:00:00",2023,"SE2"
"2023-10-31 17:00:00",2023,"SE2"
"2023-02-11 19:00:00",2023,"SE3"
"2023-10-31 17:00:00",2023,"SE3"
"2023-02-11 19:00:00",2023,"SO"
"2023-10-31 17:00:00",2023,"SO"
"2023-02-11 19:00:00",2023,"SO2"
"2023-10-31 17:00:00",2023,"SO2"
"2023-01-12 17:00:00",2023,"SUR"
"2023-02-11 19:00:00",2023,"SUR"
"2023-10-31 17:00:00",2023,"SUR"
"2024-04-20 13:00:00",2024,"NE2"
"2024-04-20 14:00:00",2024,"NE2"
"2024-04-20 13:00:00",2024,"NE3"
"2024-04-20 14:00:00",2024,"NE3"
"2024-10-23 12:00:00",2024,"NO"
"2024-04-20 13:00:00",2024,"NO2"
"2024-04-20 14:00:00",2024,"NO2"
"2024-04-20 13:00:00",2024,"NTE"
"2024-04-20 14:00:00",2024,"NTE"
"2024-04-20 13:00:00",2024,"NTE2"
"2024-04-20 14:00:00",2024,"NTE2"
"2024-04-20 13:00:00",2024,"SE2"
"2024-04-20 14:00:00",2024,"SE2"
"2024-04-20 13:00:00",2024,"SE3"
"2024-04-20 14:00:00",2024,"SE3"
"2024-04-20 13:00:00",2024,"SO2"
"2024-04-20 14:00:00",2024,"SO2"
"2024-04-20 13:00:00",2024,"SUR"
"2024-04-20 14:00:00",2024,"SUR"
"2025-10-09 19:00:00",2025,"CE"
"2025-03-02 05:00:00",2025,"NE"
"2025-10-09 19:00:00",2025,"NE"
"2025-03-02 05:00:00",2025,"NE2"
"2025-10-09 19:00:00",2025,"NE2"
"2025-03-02 05:00:00",2025,"NE3"
"2025-03-02 05:00:00",2025,"NO"
"2025-03-02 05:00:00",2025,"NO2"
"2025-10-09 19:00:00",2025,"NO2"
"2025-03-02 05:00:00",2025,"NO3"
"2025-10-09 19:00:00",2025,"NTE"
"2025-03-02 05:00:00",2025,"NTE2"
"2025-10-09 19:00:00",2025,"NTE2"
"2025-01-02 18:00:00",2025,"SE"
"2025-03-02 05:00:00",2025,"SE2"
"2025-03-02 05:00:00",2025,"SE3"
"2025-10-09 19:00:00",2025,"SE3"
"2025-03-02 05:00:00",2025,"SO"
"2025-10-09 19:00:00",2025,"SO"
"2025-03-02 05:00:00",2025,"SO2"
"2025-10-09 19:00:00",2025,"SO2"
"2025-03-02 05:00:00",2025,"SUR"
"2026-01-29 16:00:00",2026,"CE"
"2026-01-29 16:00:00",2026,"NE"
"2026-01-29 16:00:00",2026,"NE2"
"2026-01-29 16:00:00",2026,"NE3"
"2026-01-29 16:00:00",2026,"NO"
"2026-01-29 16:00:00",2026,"NO2"
"2026-01-29 16:00:00",2026,"NO3"
"2026-01-29 16:00:00",2026,"NTE"
"2026-01-29 16:00:00",2026,"NTE2"
"2026-01-29 16:00:00",2026,"SE"
"2026-01-29 16:00:00",2026,"SE2"
"2026-01-29 16:00:00",2026,"SE3"
"2026-01-29 16:00:00",2026,"SO"
"2026-01-29 16:00:00",2026,"SO2"
"2026-01-29 16:00:00",2026,"SUR"
