archivo,anio,estacion,filas_leidas,filas_vacias,registros,fechas_invalidas,inicio,fin
BD 2020.xlsx,2020,SE,8779,0,8779,0,2020-01-01 00:00:00,2020-12-31 23:00:00
BD 2020.xlsx,2020,CE,8784,0,8784,0,2020-01-01 00:00:00,2020-12-31 23:00:00
BD 2020.xlsx,2020,SO,8777,0,8777,0,2020-01-01 00:00:00,2020-12-31 23:00:00
BD 2020.xlsx,2020,NE2,8776,0,8776,0,2020-01-01 00:00:00,2020-12-31 23:00:00
BD 2020.xlsx,2020,SE2,8776,0,8776,0,2020-01-01 00:00:00,2020-12-31 23:00:00
BD 2020.xlsx,2020,SE3,8776,0,8776,0,2020-01-01 00:00:00,2020-12-31 23:00:00
BD 2020.xlsx,2020,NE,8776,0,8776,0,2020-01-01 00:00:00,2020-12-31 23:00:00
BD 2020.xlsx,2020,NO,8778,0,8778,0,2020-01-01 00:00:00,2020-12-31 23:00:00
BD 2020.xlsx,2020,NO2,8776,0,8776,0,2020-01-01 00:00:00,2020-12-31 23:00:00
BD 2020.xlsx,2020,NTE,8777,0,8777,0,2020-01-01 00:00:00,2020-12-31 23:00:00
BD 2020.xlsx,2020,NTE2,8776,0,8776,0,2020-01-01 00:00:00,2020-12-31 23:00:00
BD 2020.xlsx,2020,SO2,8776,0,8776,0,2020-01-01 00:00:00,2020-12-31 23:00:00
BD 2020.xlsx,2020,SUR,8775,0,8775,0,2020-01-01 00:00:00,2020-12-31 23:00:00
BD 2021.xlsx,2021,CE,8760,0,8760,0,2021-01-01 00:00:00,2021-12-31 23:00:00
BD 2021.xlsx,2021,NE,8759,0,8759,0,2021-01-01 00:00:00,2021-12-31 23:00:00
BD 2021.xlsx,2021,NE2,8759,0,8759,0,2021-01-01 00:00:00,2021-12-31 23:00:00
BD 2021.xlsx,2021,NE3,8759,0,8759,0,2021-01-01 00:00:00,2021-12-31 23:00:00
BD 2021.xlsx,2021,NO,8759,0,8759,0,2021-01-01 00:00:00,2021-12-31 23:00:00
BD 2021.xlsx,2021,NO2,8759,0,8759,0,2021-01-01 00:00:00,2021-12-31 23:00:00
BD 2021.xlsx,2021,SE,8759,0,8759,0,2021-01-01 00:00:00,2021-12-31 23:00:00
BD 2021.xlsx,2021,SE2,8760,0,8760,0,2021-01-01 00:00:00,2021-12-31 23:00:00
BD 2021.xlsx,2021,SE3,8759,0,8759,0,2021-01-01 00:00:00,2021-12-31 23:00:00
BD 2021.xlsx,2021,NTE,8759,0,8759,0,2021-01-01 00:00:00,2021-12-31 23:00:00
BD 2021.xlsx,2021,NTE2,8759,0,8759,0,2021-01-01 00:00:00,2021-12-31 23:00:00
BD 2021.xlsx,2021,SO,8760,0,8760,0,2021-01-01 00:00:00,2021-12-31 23:00:00
BD 2021.xlsx,2021,SO2,8759,0,8759,0,2021-01-01 00:00:00,2021-12-31 23:00:00
BD 2021.xlsx,2021,SUR,8759,0,8759,0,2021-01-01 00:00:00,2021-12-31 23:00:00
BD 2022.xlsx,2022,CE,8760,0,8760,0,2022-01-01 00:00:00,2022-12-31 23:00:00
BD 2022.xlsx,2022,NE,8760,0,8760,0,2022-01-01 00:00:00,2022-12-31 23:00:00
BD 2022.xlsx,2022,NE2,8760,0,8760,0,2022-01-01 00:00:00,2022-12-31 23:00:00
BD 2022.xlsx,2022,NE3,8760,0,8760,0,2022-01-01 00:00:00,2022-12-31 23:00:00
BD 2022.xlsx,2022,NO,8760,0,8760,0,2022-01-01 00:00:00,2022-12-31 23:00:00
BD 2022.xlsx,2022,NO2,8760,0,8760,0,2022-01-01 00:00:00,2022-12-31 23:00:00
BD 2022.xlsx,2022,NO3,743,0,743,0,2022-12-01 01:00:00,2022-12-31 23:00:00
BD 2022.xlsx,2022,NTE,8760,0,8760,0,2022-01-01 00:00:00,2022-12-31 23:00:00
BD 2022.xlsx,2022,NTE2,8760,0,8760,0,2022-01-01 00:00:00,2022-12-31 23:00:00
BD 2022.xlsx,2022,SE,8760,0,8760,0,2022-01-01 00:00:00,2022-12-31 23:00:00
BD 2022.xlsx,2022,SE2,8760,0,8760,0,2022-01-01 00:00:00,2022-12-31 23:00:00
BD 2022.xlsx,2022,SE3,8760,0,8760,0,2022-01-01 00:00:00,2022-12-31 23:00:00
BD 2022.xlsx,2022,SO,8760,0,8760,0,2022-01-01 00:00:00,2022-12-31 23:00:00
BD 2022.xlsx,2022,SO2,8760,0,8760,0,2022-01-01 00:00:00,2022-12-31 23:00:00
BD 2022.xlsx,2022,SUR,8760,0,8760,0,2022-01-01 00:00:00,2022-12-31 23:00:00
BD 2023.xlsx,2023,CE,8758,0,8758,0,2023-01-01 00:00:00,2023-12-31 23:00:00
BD 2023.xlsx,2023,NE,8758,0,8758,0,2023-01-01 00:00:00,2023-12-31 23:00:00
BD 2023.xlsx,2023,NE2,8758,0,8758,0,2023-01-01 00:00:00,2023-12-31 23:00:00
BD 2023.xlsx,2023,NE3,8757,0,8757,0,2023-01-01 00:00:00,2023-12-31 23:00:00
BD 2023.xlsx,2023,NO,8758,0,8758,0,2023-01-01 00:00:00,2023-12-31 23:00:00
BD 2023.xlsx,2023,NO2,8759,0,8759,0,2023-01-01 00:00:00,2023-12-31 23:00:00
BD 2023.xlsx,2023,NO3,8759,0,8759,0,2023-01-01 00:00:00,2023-12-31 23:00:00
BD 2023.xlsx,2023,NTE,8758,0,8758,0,2023-01-01 00:00:00,2023-12-31 23:00:00
BD 2023.xlsx,2023,NTE2,8758,0,8758,0,2023-01-01 00:00:00,2023-12-31 23:00:00
BD 2023.xlsx,2023,SE,8758,0,8758,0,2023-01-01 00:00:00,2023-12-31 23:00:00
BD 2023.xlsx,2023,SE2,8758,0,8758,0,2023-01-01 00:00:00,2023-12-31 23:00:00
BD 2023.xlsx,2023,SE3,8758,0,8758,0,2023-01-01 00:00:00,2023-12-31 23:00:00
BD 2023.xlsx,2023,SO,8758,0,8758,0,2023-01-01 00:00:00,2023-12-31 23:00:00
BD 2023.xlsx,2023,SO2,8758,0,8758,0,2023-01-01 00:00:00,2023-12-31 23:00:00
BD 2023.xlsx,2023,SUR,8757,0,8757,0,2023-01-01 00:00:00,2023-12-31 23:00:00
BD 2024.xlsx,2024,CE,8784,0,8784,0,2024-01-01 00:00:00,2024-12-31 23:00:00
BD 2024.xlsx,2024,NE,8784,0,8784,0,2024-01-01 00:00:00,2024-12-31 23:00:00
BD 2024.xlsx,2024,NE2,8782,0,8782,0,2024-01-01 00:00:00,2024-12-31 23:00:00
BD 2024.xlsx,2024,NE3,8782,0,8782,0,2024-01-01 00:00:00,2024-12-31 23:00:00
BD 2024.xlsx,2024,NO,8783,0,8783,0,2024-01-01 00:00:00,2024-12-31 23:00:00
BD 2024.xlsx,2024,NO2,8782,0,8782,0,2024-01-01 00:00:00,2024-12-31 23:00:00
BD 2024.xlsx,2024,NO3,8784,0,8784,0,2024-01-01 00:00:00,2024-12-31 23:00:00
BD 2024.xlsx,2024,NTE,8782,0,8782,0,2024-01-01 00:00:00,2024-12-31 23:00:00
BD 2024.xlsx,2024,NTE2,8782,0,8782,0,2024-01-01 00:00:00,2024-12-31 23:00:00
BD 2024.xlsx,2024,SE,8784,0,8784,0,2024-01-01 00:00:00,2024-12-31 23:00:00
BD 2024.xlsx,2024,SE2,8782,0,8782,0,2024-01-01 00:00:00,2024-12-31 23:00:00
BD 2024.xlsx,2024,SE3,8782,0,8782,0,2024-01-01 00:00:00,2024-12-31 23:00:00
BD 2024.xlsx,2024,SO,8784,0,8784,0,2024-01-01 00:00:00,2024-12-31 23:00:00
BD 2024.xlsx,2024,SO2,8782,0,8782,0,2024-01-01 00:00:00,2024-12-31 23:00:00
BD 2024.xlsx,2024,SUR,8782,0,8782,0,2024-01-01 00:00:00,2024-12-31 23:00:00
BD 2025.xlsx,2025,CE,8759,0,8759,0,2025-01-01 00:00:00,2025-12-31 23:00:00
BD 2025.xlsx,2025,NE,8758,0,8758,0,2025-01-01 00:00:00,2025-12-31 23:00:00
BD 2025.xlsx,2025,NE2,8758,0,8758,0,2025-01-01 00:00:00,2025-12-31 23:00:00
BD 2025.xlsx,2025,NE3,8759,0,8759,0,2025-01-01 00:00:00,2025-12-31 23:00:00
BD 2025.xlsx,2025,NO,8759,0,8759,0,2025-01-01 00:00:00,2025-12-31 23:00:00
BD 2025.xlsx,2025,NO2,8758,0,8758,0,2025-01-01 00:00:00,2025-12-31 23:00:00
BD 2025.xlsx,2025,NO3,8759,0,8759,0,2025-01-01 00:00:00,2025-12-31 23:00:00
BD 2025.xlsx,2025,NTE,8759,0,8759,0,2025-01-01 00:00:00,2025-12-31 23:00:00
BD 2025.xlsx,2025,NTE2,8758,0,8758,0,2025-01-01 00:00:00,2025-12-31 23:00:00
BD 2025.xlsx,2025,SE,8759,0,8759,0,2025-01-01 00:00:00,2025-12-31 23:00:00
BD 2025.xlsx,2025,SE2,8759,0,8759,0,2025-01-01 00:00:00,2025-12-31 23:00:00
BD 2025.xlsx,2025,SE3,8758,0,8758,0,2025-01-01 00:00:00,2025-12-31 23:00:00
BD 2025.xlsx,2025,SO,8758,0,8758,0,2025-01-01 00:00:00,2025-12-31 23:00:00
BD 2025.xlsx,2025,SO2,8758,0,8758,0,2025-01-01 00:00:00,2025-12-31 23:00:00
BD 2025.xlsx,2025,SUR,8759,0,8759,0,2025-01-01 00:00:00,2025-12-31 23:00:00
BD 2026 ene-jul.xlsx,2026,CE,5087,0,5087,0,2026-01-01 00:00:00,2026-07-31 23:00:00
BD 2026 ene-jul.xlsx,2026,NE,5087,0,5087,0,2026-01-01 00:00:00,2026-07-31 23:00:00
BD 2026 ene-jul.xlsx,2026,NE2,5087,0,5087,0,2026-01-01 00:00:00,2026-07-31 23:00:00
BD 2026 ene-jul.xlsx,2026,NE3,5087,0,5087,0,2026-01-01 00:00:00,2026-07-31 23:00:00
BD 2026 ene-jul.xlsx,2026,NO,5087,0,5087,0,2026-01-01 00:00:00,2026-07-31 23:00:00
BD 2026 ene-jul.xlsx,2026,NO2,5087,0,5087,1,2026-01-01 00:00:00,2026-07-31 23:00:00
BD 2026 ene-jul.xlsx,2026,NO3,5087,0,5087,2,2026-01-01 00:00:00,2026-07-31 23:00:00
BD 2026 ene-jul.xlsx,2026,NTE,5087,0,5087,1,2026-01-01 00:00:00,2026-07-31 23:00:00
BD 2026 ene-jul.xlsx,2026,NTE2,5087,0,5087,0,2026-01-01 00:00:00,2026-07-31 23:00:00
BD 2026 ene-jul.xlsx,2026,SE,5087,0,5087,0,2026-01-01 00:00:00,2026-07-31 23:00:00
BD 2026 ene-jul.xlsx,2026,SE2,5087,0,5087,0,2026-01-01 00:00:00,2026-07-31 23:00:00
BD 2026 ene-jul.xlsx,2026,SE3,5087,0,5087,0,2026-01-01 00:00:00,2026-07-31 23:00:00
BD 2026 ene-jul.xlsx,2026,SO,5087,0,5087,0,2026-01-01 00:00:00,2026-07-31 23:00:00
BD 2026 ene-jul.xlsx,2026,SO2,5087,0,5087,0,2026-01-01 00:00:00,2026-07-31 23:00:00
BD 2026 ene-jul.xlsx,2026,SUR,5087,0,5087,0,2026-01-01 00:00:00,2026-07-31 23:00:00
