estacion,anio,q1,q3,iqr,observados,variable,inferior,superior,evaluable
"CE",2020,1.86,3.1,1.24,8662,"CO",-1.86,6.82,TRUE
"CE",2021,1.48,2.74,1.26,8105,"CO",-2.3,6.52,TRUE
"CE",2022,1.24,2.11,0.87,8613,"CO",-1.37,4.72,TRUE
"CE",2023,0.91,1.72,0.81,8539,"CO",-1.52,4.15,TRUE
"CE",2024,0.79,2.36,1.57,8597,"CO",-3.92,7.07,TRUE
"CE",2025,0.6,1.44,0.84,7048,"CO",-1.92,3.96,TRUE
"CE",2026,0.81,1.62,0.81,4001,"CO",-1.62,4.05,TRUE
"NE",2020,1.1,1.97,0.87,4635,"CO",-1.51,4.58,TRUE
"NE",2021,1.03,2.72,1.69,8465,"CO",-4.04,7.79,TRUE
"NE",2022,1.15,1.57,0.42,8624,"CO",-0.110000000000001,2.83,TRUE
"NE",2023,0.97,1.975,1.005,8315,"CO",-2.045,4.99,TRUE
"NE",2024,0.8,3.16,2.36,8620,"CO",-6.28,10.24,TRUE
"NE",2025,0.58,1.5,0.92,7888,"CO",-2.18,4.26,TRUE
"NE",2026,0.63,2.15,1.52,4250,"CO",-3.93,6.71,TRUE
"NE2",2020,1.01,2.24,1.23,5920,"CO",-2.68,5.93,TRUE
"NE2",2021,1.27,2.47,1.2,8093,"CO",-2.33,6.07,TRUE
"NE2",2022,1.58,2.13,0.55,8652,"CO",-0.0699999999999994,3.78,TRUE
"NE2",2023,1.3,1.85,0.55,8085,"CO",-0.35,3.5,TRUE
"NE2",2024,1.03,3.11,2.08,7236,"CO",-5.21,9.35,TRUE
"NE2",2025,0.32,1,0.68,6634,"CO",-1.72,3.04,TRUE
"NE2",2026,0.56,1.11,0.55,4609,"CO",-1.09,2.76,TRUE
"NE3",2021,0.153,0.49,0.337,8201,"CO",-0.858,1.501,TRUE
"NE3",2022,0.351,0.53,0.179,8308,"CO",-0.186,1.067,TRUE
"NE3",2023,0.356,0.605,0.249,8556,"CO",-0.391,1.352,TRUE
"NE3",2024,0.289,0.502,0.213,8367,"CO",-0.35,1.141,TRUE
"NE3",2025,0.519,0.829,0.31,6565,"CO",-0.411,1.759,TRUE
"NE3",2026,0.333,0.615,0.282,4344,"CO",-0.513,1.461,TRUE
"NO",2020,1.47,1.93,0.46,445,"CO",0.0900000000000001,3.31,TRUE
"NO",2021,1.16,2.04,0.88,7081,"CO",-1.48,4.68,TRUE
"NO",2022,1.59,2.07,0.48,8332,"CO",0.150000000000001,3.51,TRUE
"NO",2023,0.86,1.54,0.68,8570,"CO",-1.18,3.58,TRUE
"NO",2024,1.37,2.42,1.05,5758,"CO",-1.78,5.57,TRUE
"NO",2025,0.74,2.09,1.35,8176,"CO",-3.31,6.14,TRUE
"NO",2026,0.58,1.32,0.74,4122,"CO",-1.64,3.54,TRUE
"NO2",2020,0.4,1.33,0.93,8668,"CO",-2.39,4.12,TRUE
"NO2",2021,0.58,2.04,1.46,8444,"CO",-3.8,6.42,TRUE
"NO2",2022,1.21,1.75,0.54,8445,"CO",-0.41,3.37,TRUE
"NO2",2023,0.47,1.99,1.52,8579,"CO",-4.09,6.55,TRUE
"NO2",2024,1.09,2.18,1.09,8566,"CO",-2.18,5.45,TRUE
"NO2",2025,0.58,1.4,0.82,8464,"CO",-1.88,3.86,TRUE
"NO2",2026,0.5,2.15,1.65,4392,"CO",-4.45,7.1,TRUE
"NO3",2022,0.73,1.215,0.485,743,"CO",-0.725,2.67,TRUE
"NO3",2023,0.58,1.46,0.88,7208,"CO",-2.06,4.1,TRUE
"NO3",2024,1.06,2.12,1.06,7810,"CO",-2.12,5.3,TRUE
"NO3",2025,1.04,2.74,1.7,6253,"CO",-4.06,7.84,TRUE
"NO3",2026,0.75,2.46,1.71,4306,"CO",-4.38,7.59,TRUE
"NTE",2020,0.22,0.22,0,65,"CO",0.22,0.22,FALSE
"NTE",2021,0.71,1.3,0.59,6485,"CO",-1.06,3.07,TRUE
"NTE",2022,0.9,1.31,0.41,8593,"CO",-0.33,2.54,TRUE
"NTE",2023,0.43,0.7,0.27,8221,"CO",-0.38,1.51,TRUE
"NTE",2024,0.47,0.82,0.35,8683,"CO",-0.58,1.87,TRUE
"NTE",2025,0.63,0.93,0.3,8605,"CO",-0.27,1.83,TRUE
"NTE",2026,0.52,1.16,0.64,4541,"CO",-1.4,3.08,TRUE
"NTE2",2020,0.81,1.41,0.6,6672,"CO",-0.99,3.21,TRUE
"NTE2",2021,0.91,1.6725,0.7625,8644,"CO",-1.3775,3.96,TRUE
"NTE2",2022,0.82,1.17,0.35,8696,"CO",-0.23,2.22,TRUE
"NTE2",2023,0.9,1.39,0.49,8474,"CO",-0.57,2.86,TRUE
"NTE2",2024,0.92,1.79,0.87,8625,"CO",-1.69,4.4,TRUE
"NTE2",2025,0.36,0.78,0.42,8540,"CO",-0.9,2.04,TRUE
"NTE2",2026,0.66,1.33,0.67,4569,"CO",-1.35,3.34,TRUE
"SE",2020,1.17,2.35,1.18,7712,"CO",-2.37,5.89,TRUE
"SE",2021,1.04,2.68,1.64,8357,"CO",-3.88,7.6,TRUE
"SE",2022,0.84,1.87,1.03,8665,"CO",-2.25,4.96,TRUE
"SE",2023,0.85,1.57,0.72,8661,"CO",-1.31,3.73,TRUE
"SE",2024,0.73,2.43,1.7,7870,"CO",-4.37,7.53,TRUE
"SE",2025,0.94,1.81,0.87,6206,"CO",-1.67,4.42,TRUE
"SE",2026,0.643,1.71,1.067,4259,"CO",-2.558,4.911,TRUE
"SE2",2020,2.205,3.0325,0.8275,84,"CO",-0.277499999999999,5.515,TRUE
"SE2",2021,0.98,2.07,1.09,7711,"CO",-2.29,5.34,TRUE
"SE2",2022,1.21,1.86,0.65,8163,"CO",-0.74,3.81,TRUE
"SE2",2023,0.68,1.5,0.82,7897,"CO",-1.78,3.96,TRUE
"SE2",2024,0.85,1.86,1.01,7671,"CO",-2.18,4.89,TRUE
"SE2",2025,0.69,1.82,1.13,6893,"CO",-2.7,5.21,TRUE
"SE2",2026,0.71,1.88,1.17,4122,"CO",-2.8,5.39,TRUE
"SE3",2020,0.4,1.26,0.86,7858,"CO",-2.18,3.84,TRUE
"SE3",2021,0.74,1.6,0.86,8278,"CO",-1.84,4.18,TRUE
"SE3",2022,1.19,1.56,0.37,8474,"CO",0.0799999999999996,2.67,TRUE
"SE3",2023,0.74,1.63,0.89,8312,"CO",-1.93,4.3,TRUE
"SE3",2024,1.18,2.26,1.08,7565,"CO",-2.06,5.5,TRUE
"SE3",2025,0.66,1.29,0.63,7922,"CO",-1.23,3.18,TRUE
"SE3",2026,0.56,1.96,1.4,4006,"CO",-3.64,6.16,TRUE
"SO",2020,0.53,1.09,0.56,4463,"CO",-1.15,2.77,TRUE
"SO",2021,1.16,1.96,0.8,8010,"CO",-1.24,4.36,TRUE
"SO",2022,1.3,2.55,1.25,7741,"CO",-2.45,6.3,TRUE
"SO",2023,0.68,1.82,1.14,8717,"CO",-2.74,5.24,TRUE
"SO",2024,1.17,2.49,1.32,8520,"CO",-2.79,6.45,TRUE
"SO",2025,0.71,1.44,0.73,8334,"CO",-1.48,3.63,TRUE
"SO",2026,0.64,1.33,0.69,4567,"CO",-1.43,3.4,TRUE
"SO2",2020,2.02,2.59,0.57,8738,"CO",0.310000000000001,4.3,TRUE
"SO2",2021,0.63,1.18,0.55,7702,"CO",-1.02,2.83,TRUE
"SO2",2022,1.03,2,0.97,8591,"CO",-1.88,4.91,TRUE
"SO2",2023,0.57,1.37,0.8,8597,"CO",-1.83,3.77,TRUE
"SO2",2024,0.55,2.5325,1.9825,8700,"CO",-5.3975,8.48,TRUE
"SO2",2025,0.35,0.74,0.39,7913,"CO",-0.82,1.91,TRUE
"SO2",2026,0.7,1.22,0.52,4535,"CO",-0.86,2.78,TRUE
"SUR",2020,0.575,0.77,0.195,379,"CO",-0.0100000000000002,1.355,TRUE
"SUR",2021,0.56,1.09,0.53,8076,"CO",-1.03,2.68,TRUE
"SUR",2022,0.92,1.96,1.04,8481,"CO",-2.2,5.08,TRUE
"SUR",2023,0.48,1.54,1.06,8508,"CO",-2.7,4.72,TRUE
"SUR",2024,0.65,1.03,0.38,7666,"CO",-0.49,2.17,TRUE
"SUR",2025,0.32,0.87,0.55,8153,"CO",-1.33,2.52,TRUE
"SUR",2026,0.55,0.98,0.43,4316,"CO",-0.74,2.27,TRUE
"CE",2020,1.4,3.5,2.1,7804,"NO",-4.9,9.8,TRUE
"CE",2021,1.8,6.7,4.9,7219,"NO",-12.9,21.4,TRUE
"CE",2022,2.5,9.3,6.8,8260,"NO",-17.9,29.7,TRUE
"CE",2023,2.7,9.6,6.9,8288,"NO",-18,30.3,TRUE
"CE",2024,2.5,8.8,6.3,8501,"NO",-16.4,27.7,TRUE
"CE",2025,3,12.6,9.6,7759,"NO",-25.8,41.4,TRUE
"CE",2026,9.3,15.5,6.2,4396,"NO",-9.3,34.1,TRUE
"NE",2020,0.5,0.6,0.1,3421,"NO",0.2,0.9,TRUE
"NE",2021,1.9,5.5,3.6,7837,"NO",-8.9,16.3,TRUE
"NE",2022,4.3,13.125,8.825,8588,"NO",-22.175,39.6,TRUE
"NE",2023,3.5,8.3,4.8,8608,"NO",-10.9,22.7,TRUE
"NE",2024,5.5,12,6.5,8616,"NO",-14,31.5,TRUE
"NE",2025,2.9,7.5,4.6,7599,"NO",-10.9,21.3,TRUE
"NE",2026,1.9,4.6,2.7,4288,"NO",-6.2,12.7,TRUE
"NE2",2020,31.7,117.15,85.45,175,"NO",-224.65,373.5,TRUE
"NE2",2021,5.6,16.6,11,7075,"NO",-27.4,49.6,TRUE
"NE2",2022,4.2,14.8,10.6,8577,"NO",-27.6,46.6,TRUE
"NE2",2023,6.2,18.4,12.2,8574,"NO",-30.4,55,TRUE
"NE2",2024,6.1,19.5,13.4,8512,"NO",-34.1,59.7,TRUE
"NE2",2025,7.8,32.6,24.8,5154,"NO",-66.6,107,TRUE
"NE2",2026,4.1,14.9,10.8,2803,"NO",-28.3,47.3,TRUE
"NE3",2021,6.1,9.4,3.3,8275,"NO",-3.8,19.3,TRUE
"NE3",2022,8,10.7,2.7,8333,"NO",-0.0999999999999979,18.8,TRUE
"NE3",2023,9.7,18.5,8.8,8180,"NO",-16.7,44.9,TRUE
"NE3",2024,10.7,15.4,4.7,8222,"NO",-3.4,29.5,TRUE
"NE3",2025,7.1,10.2,3.1,7166,"NO",-2.2,19.5,TRUE
"NE3",2026,3.167,4.8,1.633,4451,"NO",-1.732,9.699,TRUE
"NO",2020,4.2,5.3,1.1,3583,"NO",0.900000000000001,8.6,TRUE
"NO",2021,3.5,7.2,3.7,8213,"NO",-7.6,18.3,TRUE
"NO",2022,2.6,9.5,6.9,7527,"NO",-18.1,30.2,TRUE
"NO",2023,3.1,8.9,5.8,8316,"NO",-14.3,26.3,TRUE
"NO",2024,2.6,8,5.4,6742,"NO",-13.6,24.2,TRUE
"NO",2025,1.9,7.5,5.6,7507,"NO",-14.9,24.3,TRUE
"NO",2026,3.2,8.733,5.533,4443,"NO",-13.399,25.332,TRUE
"NO2",2020,29.9,41.8,11.9,7730,"NO",-5.8,77.5,TRUE
"NO2",2021,4.5,18.8,14.3,8160,"NO",-38.4,61.7,TRUE
"NO2",2022,2.8,7.9,5.1,8522,"NO",-12.5,23.2,TRUE
"NO2",2023,3,7.6,4.6,8594,"NO",-10.8,21.4,TRUE
"NO2",2024,2.6,6.8,4.2,8356,"NO",-10,19.4,TRUE
"NO2",2025,3.1,9.9,6.8,6023,"NO",-17.3,30.3,TRUE
"NO2",2026,3.2,6.2,3,4915,"NO",-5.8,15.2,TRUE
"NO3",2022,4.7,20.65,15.95,743,"NO",-43.15,68.5,TRUE
"NO3",2023,2.8,7.05,4.25,7363,"NO",-9.95,19.8,TRUE
"NO3",2024,3.6,12.6,9,7509,"NO",-23.4,39.6,TRUE
"NO3",2025,3.7,10.5,6.8,3641,"NO",-16.7,30.9,TRUE
"NO3",2026,5.0415,10.8,5.7585,4724,"NO",-12.234,28.0755,TRUE
"NTE",2020,NA,NA,NA,0,"NO",NA,NA,FALSE
"NTE",2021,2.4,23.4,21,5852,"NO",-60.6,86.4,TRUE
"NTE",2022,3,6.5,3.5,8440,"NO",-7.5,17,TRUE
"NTE",2023,2.9,8.5,5.6,8307,"NO",-13.9,25.3,TRUE
"NTE",2024,2.3,7,4.7,8488,"NO",-11.8,21.1,TRUE
"NTE",2025,2.4,5.8,3.4,8470,"NO",-7.8,16,TRUE
"NTE",2026,2.8,6.7,3.9,4723,"NO",-8.9,18.4,TRUE
"NTE2",2020,4,34.8,30.8,2065,"NO",-88.4,127.2,TRUE
"NTE2",2021,3.4,19.2,15.8,6959,"NO",-44,66.6,TRUE
"NTE2",2022,6.1,26.5,20.4,8694,"NO",-55.1,87.7,TRUE
"NTE2",2023,5.2,26.8,21.6,8702,"NO",-59.6,91.6,TRUE
"NTE2",2024,5.1,28.9,23.8,8665,"NO",-66.3,100.3,TRUE
"NTE2",2025,4.8,22.3,17.5,8626,"NO",-47.7,74.8,TRUE
"NTE2",2026,4.3,14.7,10.4,5057,"NO",-26.9,45.9,TRUE
"SE",2020,NA,NA,NA,0,"NO",NA,NA,FALSE
"SE",2021,2.8,6.75,3.95,5987,"NO",-9.05,18.6,TRUE
"SE",2022,3,6.9,3.9,8382,"NO",-8.7,18.6,TRUE
"SE",2023,3,9,6,8534,"NO",-15,27,TRUE
"SE",2024,3.3,13.775,10.475,8606,"NO",-28.125,45.2,TRUE
"SE",2025,2.5,6.8,4.3,8240,"NO",-10.4,19.7,TRUE
"SE",2026,2.067,7.2,5.133,4861,"NO",-13.332,22.599,TRUE
"SE2",2020,80.425,101.675,21.25,858,"NO",16.675,165.425,TRUE
"SE2",2021,3.1,8.9,5.8,6564,"NO",-14.3,26.3,TRUE
"SE2",2022,3.3,8.7,5.4,8301,"NO",-12.9,24.9,TRUE
"SE2",2023,2.7,13.4,10.7,8586,"NO",-29.4,45.5,TRUE
"SE2",2024,2.8,8.2,5.4,8272,"NO",-13.4,24.4,TRUE
"SE2",2025,2.5,6.4,3.9,8247,"NO",-9.2,18.1,TRUE
"SE2",2026,3.1,9.9,6.8,4165,"NO",-17.3,30.3,TRUE
"SE3",2020,3.3,7.5,4.2,8621,"NO",-9.3,20.1,TRUE
"SE3",2021,3.5,7.5,4,7978,"NO",-8.5,19.5,TRUE
"SE3",2022,3.1,5.4,2.3,8463,"NO",-3.8,12.3,TRUE
"SE3",2023,3.2,5.9,2.7,8464,"NO",-4.9,14,TRUE
"SE3",2024,2.9,6.1,3.2,8537,"NO",-6.7,15.7,TRUE
"SE3",2025,2.5,4.6,2.1,8554,"NO",-3.8,10.9,TRUE
"SE3",2026,2.5,3.7,1.2,4804,"NO",-1.1,7.3,TRUE
"SO",2020,0.5,0.5,0,5741,"NO",0.5,0.5,FALSE
"SO",2021,4,11.4,7.4,8160,"NO",-18.2,33.6,TRUE
"SO",2022,3.9,13.8,9.9,8487,"NO",-25.8,43.5,TRUE
"SO",2023,2.9,11.7,8.8,8524,"NO",-23.5,38.1,TRUE
"SO",2024,3.3,11.9,8.6,8495,"NO",-22.5,37.7,TRUE
"SO",2025,3.4,12,8.6,8181,"NO",-22.4,37.8,TRUE
"SO",2026,5.9,16.8,10.9,4655,"NO",-26.8,49.5,TRUE
"SO2",2020,1.7,6,4.3,4382,"NO",-11.2,18.9,TRUE
"SO2",2021,2.8,8.1,5.3,7997,"NO",-13.1,24,TRUE
"SO2",2022,2.8,8.5,5.7,8491,"NO",-14.3,25.6,TRUE
"SO2",2023,2.9,8.3,5.4,8565,"NO",-13.3,24.5,TRUE
"SO2",2024,2.7,8.8,6.1,8682,"NO",-15.6,27.1,TRUE
"SO2",2025,3.2,8.3,5.1,8637,"NO",-12.1,23.6,TRUE
"SO2",2026,1.8,5.6,3.8,4918,"NO",-9.6,17,TRUE
"SUR",2020,NA,NA,NA,0,"NO",NA,NA,FALSE
"SUR",2021,2.8,5.5,2.7,6953,"NO",-5.3,13.6,TRUE
"SUR",2022,3.1,7.2,4.1,8483,"NO",-9.2,19.5,TRUE
"SUR",2023,3.4,7.7,4.3,8313,"NO",-9.5,20.6,TRUE
"SUR",2024,2.4,5.2,2.8,8323,"NO",-6,13.6,TRUE
"SUR",2025,2.5,5.2,2.7,8074,"NO",-5.6,13.3,TRUE
"SUR",2026,2.8,5.5,2.7,4603,"NO",-5.3,13.6,TRUE
"CE",2020,2.1,7.1,5,7766,"NO2",-12.9,22.1,TRUE
"CE",2021,4.8,18.7,13.9,7171,"NO2",-36.9,60.4,TRUE
"CE",2022,7.7,23.2,15.5,8605,"NO2",-38.8,69.7,TRUE
"CE",2023,8.6,22.9,14.3,8592,"NO2",-34.3,65.8,TRUE
"CE",2024,8.7,22.3,13.6,8501,"NO2",-32.1,63.1,TRUE
"CE",2025,7.8,22.1,14.3,8405,"NO2",-35.1,65,TRUE
"CE",2026,6.5,18,11.5,4474,"NO2",-28,52.5,TRUE
"NE",2020,NA,NA,NA,0,"NO2",NA,NA,FALSE
"NE",2021,5.1,15.9,10.8,7365,"NO2",-27.3,48.3,TRUE
"NE",2022,7.4,17.6,10.2,8619,"NO2",-23.2,48.2,TRUE
"NE",2023,8.2,19.825,11.625,8660,"NO2",-26.675,54.7,TRUE
"NE",2024,8.4,18.1,9.7,8644,"NO2",-20.7,47.2,TRUE
"NE",2025,7.8,18.2,10.4,7643,"NO2",-23.4,49.4,TRUE
"NE",2026,5.4,14.1,8.7,4329,"NO2",-20.7,40.2,TRUE
"NE2",2020,9.9,28.2,18.3,197,"NO2",-45,83.1,TRUE
"NE2",2021,12.9,23.4,10.5,7065,"NO2",-18.6,54.9,TRUE
"NE2",2022,7.1,18.7,11.6,8545,"NO2",-27.7,53.5,TRUE
"NE2",2023,12.6,26.3,13.7,8581,"NO2",-28.5,67.4,TRUE
"NE2",2024,12.2,24.7,12.5,8523,"NO2",-25.3,62.2,TRUE
"NE2",2025,13.3,27.5,14.2,5181,"NO2",-29.3,70.1,TRUE
"NE2",2026,8.8,17.9,9.1,3635,"NO2",-18.5,45.2,TRUE
"NE3",2021,5,10.2,5.2,8284,"NO2",-10.6,25.8,TRUE
"NE3",2022,5.1,10.4,5.3,8333,"NO2",-10.8,26.3,TRUE
"NE3",2023,6.3,11.3,5,8182,"NO2",-8.7,26.3,TRUE
"NE3",2024,5.9,11.9,6,8230,"NO2",-12.1,29.9,TRUE
"NE3",2025,6.4,14.5,8.1,7249,"NO2",-17.9,38.8,TRUE
"NE3",2026,4.2,9.2,5,4589,"NO2",-10.8,24.2,TRUE
"NO",2020,6,6.1,0.0999999999999996,1112,"NO2",5.7,6.4,TRUE
"NO",2021,6.2,18.3,12.1,8179,"NO2",-30.1,54.6,TRUE
"NO",2022,7.2,20.3,13.1,7541,"NO2",-32.1,59.6,TRUE
"NO",2023,8.6,22.9,14.3,8517,"NO2",-34.3,65.8,TRUE
"NO",2024,7.5,18.9,11.4,6748,"NO2",-26.7,53.1,TRUE
"NO",2025,4.4,15.5,11.1,7782,"NO2",-28.9,48.8,TRUE
"NO",2026,7.9,17.5,9.6,4506,"NO2",-20.9,46.3,TRUE
"NO2",2020,0.5,0.7,0.2,5280,"NO2",-0.0999999999999999,1.3,TRUE
"NO2",2021,6.3,17.8,11.5,8167,"NO2",-28.2,52.3,TRUE
"NO2",2022,6.8,17.3,10.5,8523,"NO2",-24.7,48.8,TRUE
"NO2",2023,7.1,16.2,9.1,8636,"NO2",-20.2,43.5,TRUE
"NO2",2024,3.8,11.525,7.725,8460,"NO2",-19.375,34.7,TRUE
"NO2",2025,7,18,11,6123,"NO2",-26,51,TRUE
"NO2",2026,6.3,14.1,7.8,5008,"NO2",-17.1,37.5,TRUE
"NO3",2022,12.7,28.4,15.7,743,"NO2",-34.4,75.5,TRUE
"NO3",2023,7.4,15.8,8.4,7388,"NO2",-17.8,41,TRUE
"NO3",2024,9,17.7,8.7,7510,"NO2",-17.1,43.8,TRUE
"NO3",2025,8.7,21.6,12.9,3641,"NO2",-30,60.3,TRUE
"NO3",2026,11,21,10,4756,"NO2",-19,51,TRUE
"NTE",2020,NA,NA,NA,0,"NO2",NA,NA,FALSE
"NTE",2021,7.6,19.1,11.5,5848,"NO2",-26.9,53.6,TRUE
"NTE",2022,6.1,17.3,11.2,8443,"NO2",-27.5,50.9,TRUE
"NTE",2023,7.4,21.6,14.2,8307,"NO2",-35.2,64.2,TRUE
"NTE",2024,6.7,18.8,12.1,8605,"NO2",-29.6,55.1,TRUE
"NTE",2025,5.7,16.1,10.4,8616,"NO2",-25.5,47.3,TRUE
"NTE",2026,2.6,11.2,8.6,4821,"NO2",-23.2,37,TRUE
"NTE2",2020,27.825,62.775,34.95,1598,"NO2",-77.025,167.625,TRUE
"NTE2",2021,8.5,16.4,7.9,6951,"NO2",-15.2,40.1,TRUE
"NTE2",2022,13.4,27.5,14.1,8693,"NO2",-28.9,69.8,TRUE
"NTE2",2023,15,29.9,14.9,8707,"NO2",-29.7,74.6,TRUE
"NTE2",2024,17.1,34,16.9,8675,"NO2",-33.6,84.7,TRUE
"NTE2",2025,13.8,30.6,16.8,8629,"NO2",-36.6,81,TRUE
"NTE2",2026,10.9,21.9,11,5068,"NO2",-22.1,54.9,TRUE
"SE",2020,NA,NA,NA,0,"NO2",NA,NA,FALSE
"SE",2021,5.1,17,11.9,6895,"NO2",-30.6,52.7,TRUE
"SE",2022,5.8,17.8,12,8381,"NO2",-30.2,53.8,TRUE
"SE",2023,6.5,18.6,12.1,8695,"NO2",-29.8,54.9,TRUE
"SE",2024,7.2,18.5,11.3,8670,"NO2",-26.7,52.4,TRUE
"SE",2025,5.7,17.2,11.5,8429,"NO2",-28.8,51.7,TRUE
"SE",2026,5.2,14.8,9.6,4985,"NO2",-23.6,43.6,TRUE
"SE2",2020,3,10.4,7.4,850,"NO2",-19.2,32.6,TRUE
"SE2",2021,6,16.8,10.8,6571,"NO2",-26.4,49.2,TRUE
"SE2",2022,6.1,16.6,10.5,8416,"NO2",-25.4,48.1,TRUE
"SE2",2023,6.2,19.2,13,8694,"NO2",-32.8,58.2,TRUE
"SE2",2024,2.7,11.4,8.7,8231,"NO2",-23.4,37.5,TRUE
"SE2",2025,2.7,10.7,8,8508,"NO2",-21.3,34.7,TRUE
"SE2",2026,5.2,12.4,7.2,3596,"NO2",-16.4,34,TRUE
"SE3",2020,4.8,14,9.2,8640,"NO2",-22.8,41.6,TRUE
"SE3",2021,4.7,14.8,10.1,7989,"NO2",-25.6,45.1,TRUE
"SE3",2022,4,12,8,8582,"NO2",-20,36,TRUE
"SE3",2023,4.7,14.1,9.4,8543,"NO2",-23.5,42.3,TRUE
"SE3",2024,4.9,13.7,8.8,8540,"NO2",-21.5,40.1,TRUE
"SE3",2025,4,12.3,8.3,8574,"NO2",-20.9,37.2,TRUE
"SE3",2026,3.2,9.5,6.3,5006,"NO2",-15.7,28.4,TRUE
"SO",2020,0.5,0.5,0,4619,"NO2",0.5,0.5,FALSE
"SO",2021,6.3,18.9,12.6,8217,"NO2",-31.5,56.7,TRUE
"SO",2022,9.4,24.6,15.2,8525,"NO2",-36.2,70.2,TRUE
"SO",2023,10.775,24.4,13.625,8488,"NO2",-30.1,65.275,TRUE
"SO",2024,10.1,23.9,13.8,8525,"NO2",-31.3,65.3,TRUE
"SO",2025,9.1,23.3,14.2,8219,"NO2",-33.5,65.9,TRUE
"SO",2026,11.1,23.1,12,4650,"NO2",-24.9,59.1,TRUE
"SO2",2020,8.4,18,9.6,4691,"NO2",-20.4,46.8,TRUE
"SO2",2021,9.925,22.4,12.475,8006,"NO2",-27.5,59.825,TRUE
"SO2",2022,8.7,21.4,12.7,8602,"NO2",-29.4,59.5,TRUE
"SO2",2023,10,22.1,12.1,8668,"NO2",-26.3,58.4,TRUE
"SO2",2024,10,22.3,12.3,8751,"NO2",-26.9,59.2,TRUE
"SO2",2025,9.2,20.1,10.9,8709,"NO2",-23.5,52.8,TRUE
"SO2",2026,6.7,16.825,10.125,5020,"NO2",-23.675,47.2,TRUE
"SUR",2020,NA,NA,NA,0,"NO2",NA,NA,FALSE
"SUR",2021,4.1,15.2,11.1,6966,"NO2",-29.2,48.5,TRUE
"SUR",2022,7.1,23.5,16.4,8484,"NO2",-42.1,72.7,TRUE
"SUR",2023,9.8,26.725,16.925,8364,"NO2",-40.975,77.5,TRUE
"SUR",2024,7,16.3,9.3,8422,"NO2",-20.9,44.2,TRUE
"SUR",2025,6.2,17.1,10.9,8272,"NO2",-26.5,49.8,TRUE
"SUR",2026,7.7,19.2,11.5,4733,"NO2",-26.8,53.7,TRUE
"CE",2020,3.7,10.6,6.9,7750,"NOX",-17,31.3,TRUE
"CE",2021,7.2,25.9,18.7,7063,"NOX",-48.9,82,TRUE
"CE",2022,10.7,32.8,22.1,8608,"NOX",-55.6,99.1,TRUE
"CE",2023,11.7,33,21.3,8590,"NOX",-52.2,96.9,TRUE
"CE",2024,11.7,31.9,20.2,8501,"NOX",-48.9,92.5,TRUE
"CE",2025,10.9,33.1,22.2,8405,"NOX",-55.7,99.7,TRUE
"CE",2026,17.6,32.6,15,4475,"NOX",-27.4,77.6,TRUE
"NE",2020,NA,NA,NA,0,"NOX",NA,NA,FALSE
"NE",2021,7.7,21.7,14,7368,"NOX",-34.3,63.7,TRUE
"NE",2022,13,30,17,8619,"NOX",-38,81,TRUE
"NE",2023,12.2,28.1,15.9,8657,"NOX",-35.5,75.8,TRUE
"NE",2024,14.7,29.9,15.2,8645,"NOX",-30.9,75.5,TRUE
"NE",2025,11.3,26.1,14.8,7640,"NOX",-33.1,70.5,TRUE
"NE",2026,7.9,18.4,10.5,4331,"NOX",-23.6,49.9,TRUE
"NE2",2020,9.9,49.2,39.3,575,"NOX",-108,167.1,TRUE
"NE2",2021,19.4,40.8,21.4,7072,"NOX",-44.8,105,TRUE
"NE2",2022,12.7,32.6,19.9,8583,"NOX",-47,92.3,TRUE
"NE2",2023,19.65,44.1,24.45,8583,"NOX",-53.7,117.45,TRUE
"NE2",2024,20,43.4,23.4,8523,"NOX",-50.2,113.6,TRUE
"NE2",2025,24.5,56.7,32.2,5215,"NOX",-72.1,153.3,TRUE
"NE2",2026,17.3,42.8,25.5,3518,"NOX",-59.2,119.3,TRUE
"NE3",2021,11.6,17.9,6.3,8279,"NOX",-7.3,36.8,TRUE
"NE3",2022,13.1,19.4,6.3,8324,"NOX",-5.8,38.3,TRUE
"NE3",2023,16.1,27.5,11.4,8179,"NOX",-18.1,61.7,TRUE
"NE3",2024,16.5,25.9,9.4,8221,"NOX",-11.7,54.1,TRUE
"NE3",2025,12,23.8,11.8,7241,"NOX",-23.4,59.2,TRUE
"NE3",2026,6.3,13,6.7,4582,"NOX",-13.8,33.1,TRUE
"NO",2020,10.7,11.2,0.5,1263,"NOX",9.2,12.7,TRUE
"NO",2021,10.8,26.2,15.4,8266,"NOX",-35.4,72.4,TRUE
"NO",2022,10.6,31,20.4,7533,"NOX",-50.6,92.2,TRUE
"NO",2023,11.9,31.9,20,8514,"NOX",-48.1,91.9,TRUE
"NO",2024,10.2,27.9,17.7,6858,"NOX",-42.9,81,TRUE
"NO",2025,6.2,22.7,16.5,7533,"NOX",-43.3,72.2,TRUE
"NO",2026,12.5,23.0415,10.5415,4156,"NOX",-19.1245,54.666,TRUE
"NO2",2020,30.4,42.1,11.7,7734,"NOX",-4.70000000000001,77.2,TRUE
"NO2",2021,12.9,39.3,26.4,8165,"NOX",-66.3,118.5,TRUE
"NO2",2022,10.1,25.7,15.6,8522,"NOX",-36.7,72.5,TRUE
"NO2",2023,10.8,24.4,13.6,8634,"NOX",-30,65.2,TRUE
"NO2",2024,6.7,18.6,11.9,8464,"NOX",-29,54.3,TRUE
"NO2",2025,10.3,28.5,18.2,6128,"NOX",-44.3,83.1,TRUE
"NO2",2026,9.7,20.4,10.7,5005,"NOX",-22.4,52.5,TRUE
"NO3",2022,18.5,50.15,31.65,743,"NOX",-76.45,145.1,TRUE
"NO3",2023,10.4,23.8,13.4,7384,"NOX",-29.8,64,TRUE
"NO3",2024,13.5,29.1,15.6,7510,"NOX",-33.3,75.9,TRUE
"NO3",2025,12.8,34.3,21.5,3641,"NOX",-51.7,98.8,TRUE
"NO3",2026,17.4,30,12.6,4656,"NOX",-20.4,67.8,TRUE
"NTE",2020,NA,NA,NA,0,"NOX",NA,NA,FALSE
"NTE",2021,10.7,44.8,34.1,5841,"NOX",-91.6,147.1,TRUE
"NTE",2022,9.5,24.2,14.7,8438,"NOX",-34.6,68.3,TRUE
"NTE",2023,10.7,30.8,20.1,8305,"NOX",-49.6,91.1,TRUE
"NTE",2024,9.3,26.275,16.975,8602,"NOX",-41.625,77.2,TRUE
"NTE",2025,8.5,22,13.5,8613,"NOX",-32,62.5,TRUE
"NTE",2026,6.5,14.9,8.4,4989,"NOX",-18.7,40.1,TRUE
"NTE2",2020,58.35,104.925,46.575,1600,"NOX",-81.3750000000001,244.65,TRUE
"NTE2",2021,10.5,36.9,26.4,6952,"NOX",-68.7,116.1,TRUE
"NTE2",2022,20.7,53.9,33.2,8692,"NOX",-78.9,153.5,TRUE
"NTE2",2023,21.7,56.4,34.7,8707,"NOX",-82.4,160.5,TRUE
"NTE2",2024,23.9,61.95,38.05,8675,"NOX",-90.25,176.1,TRUE
"NTE2",2025,20,51.9,31.9,8628,"NOX",-75.7,147.6,TRUE
"NTE2",2026,15.9,36.125,20.225,5068,"NOX",-44.775,96.8,TRUE
"SE",2020,NA,NA,NA,0,"NOX",NA,NA,FALSE
"SE",2021,7.6,23.1,15.5,6899,"NOX",-38.9,69.6,TRUE
"SE",2022,9.3,25.2,15.9,8378,"NOX",-38.4,72.9,TRUE
"SE",2023,9.9,28.3,18.4,8693,"NOX",-45.3,83.5,TRUE
"SE",2024,10.8,34.1,23.3,8670,"NOX",-59.1,104,TRUE
"SE",2025,8.6,24.9,16.3,8436,"NOX",-40.3,73.8,TRUE
"SE",2026,7.8,22.4,14.6,4984,"NOX",-36,66.2,TRUE
"SE2",2020,84.3,109.6,25.3,857,"NOX",8.40000000000001,185.5,TRUE
"SE2",2021,9.7,25.4,15.7,6570,"NOX",-37.4,72.5,TRUE
"SE2",2022,9.8,25.4,15.6,8416,"NOX",-37,72.2,TRUE
"SE2",2023,9.5,32.875,23.375,8694,"NOX",-60.625,103,TRUE
"SE2",2024,5.6,20.1,14.5,8498,"NOX",-37.9,63.6,TRUE
"SE2",2025,5.3,17.8,12.5,8508,"NOX",-32.2,55.3,TRUE
"SE2",2026,9.1,22.2,13.1,4240,"NOX",-30.2,61.5,TRUE
"SE3",2020,8.7,21.4,12.7,8649,"NOX",-29.4,59.5,TRUE
"SE3",2021,8.5,22.8,14.3,7988,"NOX",-34.4,65.7,TRUE
"SE3",2022,7.4,17.2,9.8,8594,"NOX",-22,46.6,TRUE
"SE3",2023,8.3,20.3,12,8547,"NOX",-27.7,56.3,TRUE
"SE3",2024,8.2,19.8,11.6,8537,"NOX",-26.6,54.6,TRUE
"SE3",2025,6.9,16.7,9.8,8572,"NOX",-22.5,46.1,TRUE
"SE3",2026,5.8,12.8,7,5006,"NOX",-15.2,33.8,TRUE
"SO",2020,0.5,0.9,0.4,4638,"NOX",-0.7,2.1,TRUE
"SO",2021,12.6,32.2,19.6,7689,"NOX",-46.2,91,TRUE
"SO",2022,13.4,38.8,25.4,8525,"NOX",-62.8,115,TRUE
"SO",2023,13.9,37.3,23.4,8487,"NOX",-56.3,107.5,TRUE
"SO",2024,13.625,36.5,22.875,8526,"NOX",-55,105.125,TRUE
"SO",2025,13,36.2,23.2,8218,"NOX",-56.6,105.8,TRUE
"SO",2026,18.8,37,18.2,4685,"NOX",-35.8,91.6,TRUE
"SO2",2020,10.2,24.2,14,4694,"NOX",-31.8,66.2,TRUE
"SO2",2021,13.2,31.8,18.6,8007,"NOX",-42.6,87.6,TRUE
"SO2",2022,11.9,30.4,18.5,8602,"NOX",-43.6,85.9,TRUE
"SO2",2023,13.2,30.9,17.7,8666,"NOX",-39.9,84,TRUE
"SO2",2024,13.2,31.3,18.1,8750,"NOX",-41.1,85.6,TRUE
"SO2",2025,12.8,28.9,16.1,8709,"NOX",-35.5,77.2,TRUE
"SO2",2026,8.7,22.4,13.7,5019,"NOX",-32.4,63.5,TRUE
"SUR",2020,0.5,0.5,0,1445,"NOX",0.5,0.5,FALSE
"SUR",2021,7.3,21.6,14.3,6967,"NOX",-35.6,64.5,TRUE
"SUR",2022,10.5,32.2,21.7,8483,"NOX",-54.6,97.3,TRUE
"SUR",2023,13.4,36.4,23,8361,"NOX",-55.6,105.4,TRUE
"SUR",2024,9.7,21.8,12.1,8505,"NOX",-26.6,58.1,TRUE
"SUR",2025,9.1,22.6,13.5,8291,"NOX",-31.4,63.1,TRUE
"SUR",2026,11.1,25,13.9,4732,"NOX",-30.6,66.7,TRUE
"CE",2020,15,45,30,7334,"O3",-75,135,TRUE
"CE",2021,12,39,27,7695,"O3",-69,120,TRUE
"CE",2022,11,36,25,8448,"O3",-64,111,TRUE
"CE",2023,14,39,25,8396,"O3",-61,114,TRUE
"CE",2024,14,43,29,8411,"O3",-73,130,TRUE
"CE",2025,14,43,29,8463,"O3",-73,130,TRUE
"CE",2026,16,44,28,5003,"O3",-68,128,TRUE
"NE",2020,1,1,0,9,"O3",1,1,FALSE
"NE",2021,15,40,25,7355,"O3",-60,115,TRUE
"NE",2022,13,34,21,8427,"O3",-50,97,TRUE
"NE",2023,17,37,20,8324,"O3",-43,97,TRUE
"NE",2024,15,36,21,8456,"O3",-48,99,TRUE
"NE",2025,14,40,26,7875,"O3",-64,118,TRUE
"NE",2026,19,40,21,4969,"O3",-44,103,TRUE
"NE2",2020,11,31,20,956,"O3",-49,91,TRUE
"NE2",2021,11,30,19,7130,"O3",-46,87,TRUE
"NE2",2022,9,25,16,8468,"O3",-39,73,TRUE
"NE2",2023,15,34,19,8075,"O3",-42,91,TRUE
"NE2",2024,11,28,17,8171,"O3",-40,79,TRUE
"NE2",2025,9,30,21,8234,"O3",-54,93,TRUE
"NE2",2026,11,32,21,4914,"O3",-52,95,TRUE
"NE3",2021,15.2,36.7,21.5,8332,"O3",-49.3,101.2,TRUE
"NE3",2022,21,42.5,21.5,8375,"O3",-43.5,107,TRUE
"NE3",2023,16.4,35.8,19.4,8391,"O3",-41.8,94,TRUE
"NE3",2024,10,32,22,8329,"O3",-56,98,TRUE
"NE3",2025,16.9,40.5,23.6,8095,"O3",-53.9,111.3,TRUE
"NE3",2026,16,36.6,20.6,4910,"O3",-45.8,98.4,TRUE
"NO",2020,2,4,2,137,"O3",-4,10,TRUE
"NO",2021,17,46,29,6977,"O3",-70,133,TRUE
"NO",2022,12,40,28,8219,"O3",-72,124,TRUE
"NO",2023,13,35,22,8233,"O3",-53,101,TRUE
"NO",2024,13,43,30,7815,"O3",-77,133,TRUE
"NO",2025,13,44,31,8108,"O3",-80,137,TRUE
"NO",2026,14,40,26,4650,"O3",-64,118,TRUE
"NO2",2020,9,34,25,6992,"O3",-66,109,TRUE
"NO2",2021,8.25,23,14.75,8242,"O3",-36,67.25,TRUE
"NO2",2022,13,38,25,8549,"O3",-62,113,TRUE
"NO2",2023,12,36,24,8525,"O3",-60,108,TRUE
"NO2",2024,12,43,31,8452,"O3",-81,136,TRUE
"NO2",2025,12,45,33,8348,"O3",-87,144,TRUE
"NO2",2026,15,43,28,5052,"O3",-69,127,TRUE
"NO3",2022,6,26,20,705,"O3",-54,86,TRUE
"NO3",2023,14,40,26,7318,"O3",-64,118,TRUE
"NO3",2024,10,35,25,8478,"O3",-65,110,TRUE
"NO3",2025,10,36,26,6104,"O3",-68,114,TRUE
"NO3",2026,14,38,24,4760,"O3",-58,110,TRUE
"NTE",2020,31,31,0,1,"O3",31,31,FALSE
"NTE",2021,10,35,25,7137,"O3",-65,110,TRUE
"NTE",2022,12,36,24,8385,"O3",-60,108,TRUE
"NTE",2023,13,35,22,8123,"O3",-53,101,TRUE
"NTE",2024,12,39,27,8429,"O3",-69,120,TRUE
"NTE",2025,13,41,28,8389,"O3",-71,125,TRUE
"NTE",2026,17,43,26,4975,"O3",-61,121,TRUE
"NTE2",2020,11,39,28,585,"O3",-73,123,TRUE
"NTE2",2021,10,34,24,7928,"O3",-62,106,TRUE
"NTE2",2022,11,31,20,8545,"O3",-49,91,TRUE
"NTE2",2023,14,33,19,8505,"O3",-43,90,TRUE
"NTE2",2024,12,35,23,8266,"O3",-57,104,TRUE
"NTE2",2025,9,33,24,8352,"O3",-63,105,TRUE
"NTE2",2026,11,35,24,5057,"O3",-61,107,TRUE
"SE",2020,10,38,28,8134,"O3",-74,122,TRUE
"SE",2021,12,39,27,8271,"O3",-69,120,TRUE
"SE",2022,14,37,23,8524,"O3",-55,106,TRUE
"SE",2023,15,37,22,8516,"O3",-51,103,TRUE
"SE",2024,14,39,25,8534,"O3",-61,114,TRUE
"SE",2025,14,39,25,8497,"O3",-61,114,TRUE
"SE",2026,17,41,24,5025,"O3",-55,113,TRUE
"SE2",2020,NA,NA,NA,0,"O3",NA,NA,FALSE
"SE2",2021,13,36,23,5313,"O3",-56,105,TRUE
"SE2",2022,15,37,22,8276,"O3",-51,103,TRUE
"SE2",2023,16,35,19,8620,"O3",-41,92,TRUE
"SE2",2024,19,41,22,7728,"O3",-47,107,TRUE
"SE2",2025,19,40,21,7882,"O3",-44,103,TRUE
"SE2",2026,15,33.5,18.5,4935,"O3",-40.5,89,TRUE
"SE3",2020,16,30,14,6271,"O3",-26,72,TRUE
"SE3",2021,15,35,20,8242,"O3",-45,95,TRUE
"SE3",2022,15,35,20,8604,"O3",-45,95,TRUE
"SE3",2023,13,32,19,8347,"O3",-44,89,TRUE
"SE3",2024,12,34,22,8658,"O3",-54,100,TRUE
"SE3",2025,15,37,22,8716,"O3",-51,103,TRUE
"SE3",2026,18,36,18,4951,"O3",-36,90,TRUE
"SO",2020,7,35,28,6059,"O3",-77,119,TRUE
"SO",2021,10,42,32,8148,"O3",-86,138,TRUE
"SO",2022,10,37,27,8289,"O3",-71,118,TRUE
"SO",2023,12,34,22,8385,"O3",-54,100,TRUE
"SO",2024,12,45.5,33.5,8267,"O3",-88.5,146,TRUE
"SO",2025,11,42,31,8346,"O3",-82,135,TRUE
"SO",2026,10,31,21,4970,"O3",-53,94,TRUE
"SO2",2020,14,40,26,8515,"O3",-64,118,TRUE
"SO2",2021,13,39,26,8538,"O3",-65,117,TRUE
"SO2",2022,11,36,25,8528,"O3",-64,111,TRUE
"SO2",2023,11,34,23,8592,"O3",-58,103,TRUE
"SO2",2024,15,45,30,8658,"O3",-75,135,TRUE
"SO2",2025,16,44,28,8632,"O3",-68,128,TRUE
"SO2",2026,21,47,26,5054,"O3",-57,125,TRUE
"SUR",2020,40.5,43.5,3,2,"O3",31.5,52.5,FALSE
"SUR",2021,16,40,24,7324,"O3",-56,112,TRUE
"SUR",2022,11,35,24,8536,"O3",-61,107,TRUE
"SUR",2023,14,32,18,8510,"O3",-40,86,TRUE
"SUR",2024,16,42,26,8703,"O3",-62,120,TRUE
"SUR",2025,17,42,25,8682,"O3",-58,117,TRUE
"SUR",2026,20,44,24,5042,"O3",-52,116,TRUE
"CE",2020,27,67,40,8401,"PM10",-93,187,TRUE
"CE",2021,41,77,36,8470,"PM10",-67,185,TRUE
"CE",2022,41,78,37,8576,"PM10",-70,189,TRUE
"CE",2023,39,75,36,8527,"PM10",-69,183,TRUE
"CE",2024,40,73,33,8546,"PM10",-59,172,TRUE
"CE",2025,29,55,26,8617,"PM10",-49,133,TRUE
"CE",2026,27,47,20,4967,"PM10",-33,107,TRUE
"NE",2020,33.01,69.92,36.91,8153,"PM10",-77.72,180.65,TRUE
"NE",2021,36.215,67.41,31.195,8603,"PM10",-57.37,160.995,TRUE
"NE",2022,41,74,33,8575,"PM10",-58,173,TRUE
"NE",2023,44,81,37,8546,"PM10",-67,192,TRUE
"NE",2024,32,69.56,37.56,8478,"PM10",-80.68,182.24,TRUE
"NE",2025,28,61.025,33.025,8366,"PM10",-71.075,160.1,TRUE
"NE",2026,30,54,24,4901,"PM10",-42,126,TRUE
"NE2",2020,30,60,30,7999,"PM10",-60,150,TRUE
"NE2",2021,42,74,32,8216,"PM10",-54,170,TRUE
"NE2",2022,45,84,39,8575,"PM10",-72,201,TRUE
"NE2",2023,49,89,40,8427,"PM10",-71,209,TRUE
"NE2",2024,41,87,46,8347,"PM10",-97,225,TRUE
"NE2",2025,32,65,33,8365,"PM10",-67,164,TRUE
"NE2",2026,29,55,26,4924,"PM10",-49,133,TRUE
"NE3",2021,17,43,26,8286,"PM10",-61,121,TRUE
"NE3",2022,21,49,28,8134,"PM10",-63,133,TRUE
"NE3",2023,22,48,26,8347,"PM10",-56,126,TRUE
"NE3",2024,24,55,31,8301,"PM10",-69,148,TRUE
"NE3",2025,21,46,25,8244,"PM10",-54,121,TRUE
"NE3",2026,25,51,26,4873,"PM10",-53,129,TRUE
"NO",2020,27.62,57.7825,30.1625,8480,"PM10",-62.8675,148.27,TRUE
"NO",2021,34.3,71,36.7,7697,"PM10",-75.8,181.1,TRUE
"NO",2022,25,58,33,8252,"PM10",-74,157,TRUE
"NO",2023,26,58,32,8537,"PM10",-70,154,TRUE
"NO",2024,26,65,39,8105,"PM10",-91,182,TRUE
"NO",2025,19,49,30,8599,"PM10",-71,139,TRUE
"NO",2026,25,51,26,5026,"PM10",-53,129,TRUE
"NO2",2020,33,67,34,8523,"PM10",-69,169,TRUE
"NO2",2021,34,71,37,8359,"PM10",-77,182,TRUE
"NO2",2022,35,75,40,8608,"PM10",-85,195,TRUE
"NO2",2023,36,77,41,8611,"PM10",-87,200,TRUE
"NO2",2024,43,85,42,8503,"PM10",-83,211,TRUE
"NO2",2025,35,64,29,8567,"PM10",-52,151,TRUE
"NO2",2026,33.875,59,25.125,5024,"PM10",-41.5,134.375,TRUE
"NO3",2022,46,96,50,689,"PM10",-104,246,TRUE
"NO3",2023,39,83,44,8073,"PM10",-93,215,TRUE
"NO3",2024,40,82,42,8579,"PM10",-86,208,TRUE
"NO3",2025,37,72,35,6207,"PM10",-68,177,TRUE
"NO3",2026,35,64,29,4992,"PM10",-52,151,TRUE
"NTE",2020,27,59,32,6500,"PM10",-69,155,TRUE
"NTE",2021,42,73,31,8219,"PM10",-51,166,TRUE
"NTE",2022,39.625,74,34.375,8279,"PM10",-63.5,177.125,TRUE
"NTE",2023,31,70.325,39.325,8203,"PM10",-86.975,188.3,TRUE
"NTE",2024,41,85,44,8452,"PM10",-91,217,TRUE
"NTE",2025,30.105,62,31.895,8483,"PM10",-65.58,157.685,TRUE
"NTE",2026,29,52,23,5029,"PM10",-40,121,TRUE
"NTE2",2020,35,75,40,8040,"PM10",-85,195,TRUE
"NTE2",2021,48,89,41,8377,"PM10",-75,212,TRUE
"NTE2",2022,41,85,44,8650,"PM10",-91,217,TRUE
"NTE2",2023,38,80,42,8530,"PM10",-88,206,TRUE
"NTE2",2024,39,82,43,8624,"PM10",-90,211,TRUE
"NTE2",2025,33,65,32,8524,"PM10",-63,161,TRUE
"NTE2",2026,30,59,29,5012,"PM10",-57,146,TRUE
"SE",2020,26.6925,62,35.3075,8266,"PM10",-79.23,167.9225,TRUE
"SE",2021,36,71.245,35.245,8302,"PM10",-69.735,176.98,TRUE
"SE",2022,27,64,37,8574,"PM10",-84,175,TRUE
"SE",2023,26,62,36,8619,"PM10",-82,170,TRUE
"SE",2024,29,68,39,8455,"PM10",-88,185,TRUE
"SE",2025,26,58,32,8514,"PM10",-70,154,TRUE
"SE",2026,25.717,53,27.283,4929,"PM10",-56.132,134.849,TRUE
"SE2",2020,30,60,30,7933,"PM10",-60,150,TRUE
"SE2",2021,43,75,32,8024,"PM10",-53,171,TRUE
"SE2",2022,41,77,36,8328,"PM10",-67,185,TRUE
"SE2",2023,37,84,47,8684,"PM10",-104,225,TRUE
"SE2",2024,47,93,46,8400,"PM10",-91,231,TRUE
"SE2",2025,29,62,33,8507,"PM10",-70,161,TRUE
"SE2",2026,28,52,24,4909,"PM10",-44,124,TRUE
"SE3",2020,40,74,34,8266,"PM10",-62,176,TRUE
"SE3",2021,39,74,35,8066,"PM10",-66,179,TRUE
"SE3",2022,37,75,38,8594,"PM10",-77,189,TRUE
"SE3",2023,40,78,38,8499,"PM10",-74,192,TRUE
"SE3",2024,44,87,43,8629,"PM10",-85,216,TRUE
"SE3",2025,29,58,29,8605,"PM10",-58,145,TRUE
"SE3",2026,27,48,21,4889,"PM10",-36,111,TRUE
"SO",2020,31,80,49,8517,"PM10",-116,227,TRUE
"SO",2021,43,90,47,8349,"PM10",-98,231,TRUE
"SO",2022,35,75,40,8498,"PM10",-85,195,TRUE
"SO",2023,35,79,44,8666,"PM10",-97,211,TRUE
"SO",2024,37,85,48,8420,"PM10",-107,229,TRUE
"SO",2025,22,62,40,8520,"PM10",-98,182,TRUE
"SO",2026,21,46,25,4993,"PM10",-54,121,TRUE
"SO2",2020,33,72,39,7976,"PM10",-84,189,TRUE
"SO2",2021,43,81,38,8251,"PM10",-71,195,TRUE
"SO2",2022,39,79,40,8480,"PM10",-81,199,TRUE
"SO2",2023,39,76,37,8431,"PM10",-72,187,TRUE
"SO2",2024,36,78,42,8302,"PM10",-90,204,TRUE
"SO2",2025,27,59,32,8364,"PM10",-69,155,TRUE
"SO2",2026,23,43,20,5046,"PM10",-37,103,TRUE
"SUR",2020,28,55,27,8433,"PM10",-53,136,TRUE
"SUR",2021,31,58,27,8386,"PM10",-50,139,TRUE
"SUR",2022,30,60,30,8635,"PM10",-60,150,TRUE
"SUR",2023,30,56,26,8622,"PM10",-48,134,TRUE
"SUR",2024,33,61,28,8647,"PM10",-51,145,TRUE
"SUR",2025,24,45,21,8545,"PM10",-39,108,TRUE
"SUR",2026,22,40.618,18.618,5027,"PM10",-33.854,96.472,TRUE
"CE",2020,13.8525,34.8,20.9475,6938,"PM2.5",-48.99,97.6425,TRUE
"CE",2021,12.22,29.93,17.71,7925,"PM2.5",-40.91,83.06,TRUE
"CE",2022,15,30.18,15.18,7933,"PM2.5",-30.54,75.72,TRUE
"CE",2023,13,31.125,18.125,7723,"PM2.5",-41.375,85.5,TRUE
"CE",2024,12.415,30,17.585,7099,"PM2.5",-40.34,82.755,TRUE
"CE",2025,8.955,25.645,16.69,7543,"PM2.5",-41.115,75.715,TRUE
"CE",2026,8.07,18.18,10.11,4748,"PM2.5",-22.26,48.51,TRUE
"NE",2020,12.19,25.58,13.39,7923,"PM2.5",-27.98,65.75,TRUE
"NE",2021,12.19,25.94,13.75,8561,"PM2.5",-29.06,67.19,TRUE
"NE",2022,13,27.96,14.96,8325,"PM2.5",-31.88,72.84,TRUE
"NE",2023,11,24,13,7827,"PM2.5",-28,63,TRUE
"NE",2024,11.93,28.2175,16.2875,8022,"PM2.5",-36.9325,77.08,TRUE
"NE",2025,12.11,26.86,14.75,8164,"PM2.5",-32.14,71.11,TRUE
"NE",2026,12.1325,26.8975,14.765,4742,"PM2.5",-32.1625,71.1925,TRUE
"NE2",2020,9,29,20,6003,"PM2.5",-51,89,TRUE
"NE2",2021,13,28,15,7994,"PM2.5",-32,73,TRUE
"NE2",2022,12,28,16,8126,"PM2.5",-36,76,TRUE
"NE2",2023,11,31,20,7689,"PM2.5",-49,91,TRUE
"NE2",2024,12,33,21,5184,"PM2.5",-51,96,TRUE
"NE2",2025,10,24,14,364,"PM2.5",-32,66,TRUE
"NE2",2026,9,20,11,4857,"PM2.5",-24,53,TRUE
"NE3",2021,NA,NA,NA,0,"PM2.5",NA,NA,FALSE
"NE3",2022,NA,NA,NA,0,"PM2.5",NA,NA,FALSE
"NE3",2023,NA,NA,NA,0,"PM2.5",NA,NA,FALSE
"NE3",2024,NA,NA,NA,0,"PM2.5",NA,NA,FALSE
"NE3",2025,8,21,13,2207,"PM2.5",-31,60,TRUE
"NE3",2026,7,19,12,4721,"PM2.5",-29,55,TRUE
"NO",2020,9.28,20.71,11.43,8477,"PM2.5",-25.01,55,TRUE
"NO",2021,11.88,26.2,14.32,7591,"PM2.5",-31.08,69.16,TRUE
"NO",2022,12,27,15,6703,"PM2.5",-33,72,TRUE
"NO",2023,10,31,21,4024,"PM2.5",-53,94,TRUE
"NO",2024,13,41,28,1450,"PM2.5",-71,125,TRUE
"NO",2025,9,16,7,297,"PM2.5",-12,37,TRUE
"NO",2026,9.957,21.163,11.206,2377,"PM2.5",-23.661,54.781,TRUE
"NO2",2020,13.1,32.2975,19.1975,7338,"PM2.5",-44.4925,89.89,TRUE
"NO2",2021,9.32,20,10.68,8278,"PM2.5",-22.72,52.04,TRUE
"NO2",2022,14.23,29.53,15.3,8054,"PM2.5",-31.67,75.43,TRUE
"NO2",2023,8,21.59,13.59,7721,"PM2.5",-32.77,62.36,TRUE
"NO2",2024,6.29,12.75,6.46,6057,"PM2.5",-13.09,32.13,TRUE
"NO2",2025,10.94,24.7475,13.8075,7470,"PM2.5",-30.4825,66.17,TRUE
"NO2",2026,7.33,14.77,7.44,4875,"PM2.5",-14.99,37.09,TRUE
"NO3",2022,NA,NA,NA,0,"PM2.5",NA,NA,FALSE
"NO3",2023,NA,NA,NA,0,"PM2.5",NA,NA,FALSE
"NO3",2024,5.49,9.01,3.52,2333,"PM2.5",-5.07,19.57,TRUE
"NO3",2025,11.7325,33.89,22.1575,1214,"PM2.5",-54.74,100.3625,TRUE
"NO3",2026,10.33,21.79,11.46,3877,"PM2.5",-24.05,56.17,TRUE
"NTE",2020,10.71,23.775,13.065,5887,"PM2.5",-28.485,62.97,TRUE
"NTE",2021,13.28,31.57,18.29,7313,"PM2.5",-41.59,86.44,TRUE
"NTE",2022,8.47,20.52,12.05,7515,"PM2.5",-27.68,56.67,TRUE
"NTE",2023,8.46,19,10.54,7797,"PM2.5",-23.16,50.62,TRUE
"NTE",2024,8,23,15,8178,"PM2.5",-37,68,TRUE
"NTE",2025,10,22.365,12.365,7680,"PM2.5",-27.095,59.46,TRUE
"NTE",2026,10.475,23.35,12.875,4375,"PM2.5",-28.15,61.975,TRUE
"NTE2",2020,8,26,18,4997,"PM2.5",-46,80,TRUE
"NTE2",2021,10,26,16,8051,"PM2.5",-38,74,TRUE
"NTE2",2022,10,26,16,8258,"PM2.5",-38,74,TRUE
"NTE2",2023,10,27,17,7872,"PM2.5",-41,78,TRUE
"NTE2",2024,11,30,19,7940,"PM2.5",-46,87,TRUE
"NTE2",2025,9,25,16,7916,"PM2.5",-39,73,TRUE
"NTE2",2026,12,25,13,4745,"PM2.5",-27,64,TRUE
"SE",2020,10.67,24.7875,14.1175,7970,"PM2.5",-31.6825,67.14,TRUE
"SE",2021,11.055,25.865,14.81,8207,"PM2.5",-33.375,70.295,TRUE
"SE",2022,9.16,21.1375,11.9775,8294,"PM2.5",-26.7725,57.07,TRUE
"SE",2023,9.61,21,11.39,7065,"PM2.5",-24.56,55.17,TRUE
"SE",2024,9.765,22,12.235,6523,"PM2.5",-26.94,58.705,TRUE
"SE",2025,9.82,23.465,13.645,7711,"PM2.5",-31.115,64.4,TRUE
"SE",2026,8.4175,16.2225,7.805,4212,"PM2.5",-14.9975,39.6375,TRUE
"SE2",2020,14,29,15,5960,"PM2.5",-31,74,TRUE
"SE2",2021,14,34,20,7447,"PM2.5",-46,94,TRUE
"SE2",2022,15,37,22,7550,"PM2.5",-51,103,TRUE
"SE2",2023,13,36,23,8137,"PM2.5",-56,105,TRUE
"SE2",2024,15,38,23,8330,"PM2.5",-54,107,TRUE
"SE2",2025,12,28,16,8285,"PM2.5",-36,76,TRUE
"SE2",2026,9,22,13,4796,"PM2.5",-30,61,TRUE
"SE3",2020,11,29,18,7320,"PM2.5",-43,83,TRUE
"SE3",2021,9,23,14,7448,"PM2.5",-33,65,TRUE
"SE3",2022,8,20,12,8217,"PM2.5",-28,56,TRUE
"SE3",2023,7,21,14,8100,"PM2.5",-35,63,TRUE
"SE3",2024,9,27,18,7949,"PM2.5",-45,81,TRUE
"SE3",2025,8,26,18,7023,"PM2.5",-46,80,TRUE
"SE3",2026,8,20,12,4693,"PM2.5",-28,56,TRUE
"SO",2020,12.03,28.12,16.09,8239,"PM2.5",-36.24,76.39,TRUE
"SO",2021,16.22,35.6275,19.4075,8318,"PM2.5",-42.0025,93.85,TRUE
"SO",2022,13,31,18,8156,"PM2.5",-41,85,TRUE
"SO",2023,14.41,32.35,17.94,8181,"PM2.5",-39.41,86.17,TRUE
"SO",2024,14,34,20,7010,"PM2.5",-46,94,TRUE
"SO",2025,10,27.47,17.47,6833,"PM2.5",-42.41,79.88,TRUE
"SO",2026,11,23,12,4861,"PM2.5",-25,59,TRUE
"SO2",2020,10,26,16,6709,"PM2.5",-38,74,TRUE
"SO2",2021,11,23,12,7407,"PM2.5",-25,59,TRUE
"SO2",2022,9,23,14,8367,"PM2.5",-33,65,TRUE
"SO2",2023,9,24,15,7974,"PM2.5",-36,69,TRUE
"SO2",2024,9,27,18,7800,"PM2.5",-45,81,TRUE
"SO2",2025,11,29,18,6846,"PM2.5",-43,83,TRUE
"SO2",2026,11,24,13,4702,"PM2.5",-28,63,TRUE
"SUR",2020,7,22,15,3117,"PM2.5",-38,67,TRUE
"SUR",2021,6,17,11,5956,"PM2.5",-27,50,TRUE
"SUR",2022,8,24,16,6827,"PM2.5",-40,72,TRUE
"SUR",2023,8,23,15,6966,"PM2.5",-37,68,TRUE
"SUR",2024,8,23,15,7019,"PM2.5",-37,68,TRUE
"SUR",2025,8.066,22,13.934,7028,"PM2.5",-33.736,63.802,TRUE
"SUR",2026,8,20,12,4704,"PM2.5",-28,56,TRUE
"CE",2020,709.4,713.6,4.20000000000005,8652,"PRS",696.8,726.2,TRUE
"CE",2021,709.4,713.4,4,8552,"PRS",697.4,725.4,TRUE
"CE",2022,709.5,713.7,4.20000000000005,8605,"PRS",696.9,726.3,TRUE
"CE",2023,709.1,713.4,4.29999999999995,8584,"PRS",696.2,726.3,TRUE
"CE",2024,708.9,713.4,4.5,8577,"PRS",695.4,726.9,TRUE
"CE",2025,709.9,713.6,3.70000000000005,8561,"PRS",698.8,724.7,TRUE
"CE",2026,709.2,713.2,4,5016,"PRS",697.2,725.2,TRUE
"NE",2020,717,722.2,5.20000000000005,6820,"PRS",701.4,737.8,TRUE
"NE",2021,716.7,721.2,4.5,8697,"PRS",703.2,734.7,TRUE
"NE",2022,716.6,721.6,5,8614,"PRS",701.6,736.6,TRUE
"NE",2023,716.2,721.3,5.09999999999991,8660,"PRS",700.9,736.6,TRUE
"NE",2024,716,721.1,5.10000000000002,8619,"PRS",700.7,736.4,TRUE
"NE",2025,717.2,721.3,4.09999999999991,8517,"PRS",704.9,733.6,TRUE
"NE",2026,716.3,720.7,4.40000000000009,4747,"PRS",703.1,733.9,TRUE
"NE2",2020,712.2,718.4,6.19999999999993,8475,"PRS",693.6,737,TRUE
"NE2",2021,711.9,717.6,5.70000000000005,8487,"PRS",694.8,734.7,TRUE
"NE2",2022,712,718.1,6.10000000000002,8622,"PRS",693.7,736.4,TRUE
"NE2",2023,711.4,717.6,6.20000000000005,8566,"PRS",692.8,736.2,TRUE
"NE2",2024,710.9,717.3,6.39999999999998,8450,"PRS",691.7,736.5,TRUE
"NE2",2025,712.2,717.3,5.09999999999991,8530,"PRS",696.9,732.6,TRUE
"NE2",2026,711,716.7,5.70000000000005,4725,"PRS",693.9,733.8,TRUE
"NE3",2021,727,732,5,8321,"PRS",712,747,TRUE
"NE3",2022,727,732,5,8176,"PRS",712,747,TRUE
"NE3",2023,727,732,5,8495,"PRS",712,747,TRUE
"NE3",2024,727,732,5,8411,"PRS",712,747,TRUE
"NE3",2025,728,732,4,8300,"PRS",716,744,TRUE
"NE3",2026,726,732,6,3985,"PRS",708,750,TRUE
"NO",2020,710.3,715.1,4.80000000000007,8660,"PRS",695.9,729.5,TRUE
"NO",2021,710.2,714.7,4.5,8654,"PRS",696.7,728.2,TRUE
"NO",2022,710.1,714.7,4.60000000000002,8312,"PRS",696.3,728.5,TRUE
"NO",2023,709.8,714.5,4.70000000000005,8568,"PRS",695.7,728.6,TRUE
"NO",2024,709.5,714.5,5,8223,"PRS",694.5,729.5,TRUE
"NO",2025,710.6,714.6,4,8551,"PRS",698.6,726.6,TRUE
"NO",2026,709.7,714.2,4.5,4879,"PRS",696.2,727.7,TRUE
"NO2",2020,699,703.6,4.60000000000002,8660,"PRS",685.2,717.4,TRUE
"NO2",2021,698.9,703,4.10000000000002,7860,"PRS",686.6,715.3,TRUE
"NO2",2022,698.9,703.1,4.20000000000005,8205,"PRS",686.3,715.7,TRUE
"NO2",2023,698.2,702.7,4.5,8654,"PRS",684.7,716.2,TRUE
"NO2",2024,697.8,702.7,4.90000000000009,8534,"PRS",683.1,717.4,TRUE
"NO2",2025,698.9,702.8,3.89999999999998,8668,"PRS",687.2,714.5,TRUE
"NO2",2026,698.1,702.5,4.39999999999998,5035,"PRS",684.9,715.7,TRUE
"NO3",2022,714.15,722.1,7.94999999999993,743,"PRS",690.3,745.95,TRUE
"NO3",2023,705.7,710.3,4.59999999999991,8683,"PRS",691.9,724.1,TRUE
"NO3",2024,705.3,710.2,4.90000000000009,8708,"PRS",690.6,724.9,TRUE
"NO3",2025,706.8,711.1,4.30000000000007,6243,"PRS",693.9,724,TRUE
"NO3",2026,705.5,710,4.5,4932,"PRS",692,723.5,TRUE
"NTE",2020,711.3,717.1,5.80000000000007,874,"PRS",693.9,734.5,TRUE
"NTE",2021,712.4,716.8,4.39999999999998,6534,"PRS",699.2,730,TRUE
"NTE",2022,713.9,718.7,4.80000000000007,8600,"PRS",699.5,733.1,TRUE
"NTE",2023,713.3,718.4,5.10000000000002,8440,"PRS",698,733.7,TRUE
"NTE",2024,713,718.2,5.20000000000005,8567,"PRS",697.4,733.8,TRUE
"NTE",2025,714.5,718.5,4,8637,"PRS",702.5,730.5,TRUE
"NTE",2026,713.5,718.2,4.70000000000005,5038,"PRS",699.4,732.3,TRUE
"NTE2",2020,710.6,715.5,4.89999999999998,8614,"PRS",695.9,730.2,TRUE
"NTE2",2021,710.6,715.1,4.5,8639,"PRS",697.1,728.6,TRUE
"NTE2",2022,710.5,715.3,4.79999999999996,8682,"PRS",696.1,729.7,TRUE
"NTE2",2023,710.2,715,4.79999999999996,8702,"PRS",695.8,729.4,TRUE
"NTE2",2024,709.9,714.9,5,8668,"PRS",694.9,729.9,TRUE
"NTE2",2025,710.9,715.1,4.20000000000005,8625,"PRS",698.3,727.7,TRUE
"NTE2",2026,710.1,714.7,4.60000000000002,5064,"PRS",696.3,728.5,TRUE
"SE",2020,726.5,733.2,6.70000000000005,7357,"PRS",706.4,753.3,TRUE
"SE",2021,720.7,725.5,4.79999999999996,7906,"PRS",706.3,739.9,TRUE
"SE",2022,720.4,725.1,4.70000000000005,8666,"PRS",706.3,739.2,TRUE
"SE",2023,720,724.7,4.70000000000005,8717,"PRS",705.9,738.8,TRUE
"SE",2024,719.7,724.7,5,8671,"PRS",704.7,739.7,TRUE
"SE",2025,721.3,725.3,4,8447,"PRS",709.3,737.3,TRUE
"SE",2026,720.6,725.6,5,4624,"PRS",705.6,740.6,TRUE
"SE2",2020,721.3,723.2,1.90000000000009,7229,"PRS",715.6,728.9,TRUE
"SE2",2021,721.4,723.3,1.89999999999998,8241,"PRS",715.7,729,TRUE
"SE2",2022,721.3,723.3,2,8417,"PRS",715.3,729.3,TRUE
"SE2",2023,721.1,723.1,2,8691,"PRS",715.1,729.1,TRUE
"SE2",2024,721,723.1,2.10000000000002,8565,"PRS",714.7,729.4,TRUE
"SE2",2025,721.5,723.2,1.70000000000005,8587,"PRS",716.4,728.3,TRUE
"SE2",2026,721.2,723.3,2.09999999999991,4658,"PRS",714.9,729.6,TRUE
"SE3",2020,728.9,733.7,4.80000000000007,8648,"PRS",714.5,748.1,TRUE
"SE3",2021,728.8,733.9,5.10000000000002,8254,"PRS",713.5,749.2,TRUE
"SE3",2022,728.9,734.2,5.30000000000007,8608,"PRS",713,750.1,TRUE
"SE3",2023,728.6,734.1,5.5,8541,"PRS",712.1,750.6,TRUE
"SE3",2024,727.4,733.2,5.80000000000007,8625,"PRS",710,750.6,TRUE
"SE3",2025,723.4,731.7,8.30000000000007,8654,"PRS",698.5,756.6,TRUE
"SE3",2026,728.2,732.1,3.89999999999998,3316,"PRS",716.5,743.8,TRUE
"SO",2020,697.8,702.3,4.5,7977,"PRS",684.3,715.8,TRUE
"SO",2021,698.7,703,4.29999999999995,8178,"PRS",685.8,715.9,TRUE
"SO",2022,699.4,703.9,4.5,8520,"PRS",685.9,717.4,TRUE
"SO",2023,699,703.6,4.60000000000002,8654,"PRS",685.2,717.4,TRUE
"SO",2024,698.4,703.3,4.89999999999998,8197,"PRS",683.7,718,TRUE
"SO",2025,701.9,705.7,3.80000000000007,7728,"PRS",690.5,717.1,TRUE
"SO",2026,701.325,705.7,4.37500000000011,5034,"PRS",688.2,718.825,TRUE
"SO2",2020,712.9,714.8,1.89999999999998,8737,"PRS",707.2,720.5,TRUE
"SO2",2021,712.9,714.8,1.89999999999998,8621,"PRS",707.2,720.5,TRUE
"SO2",2022,713.1,714.9,1.79999999999995,8623,"PRS",707.7,720.3,TRUE
"SO2",2023,712.8,714.7,1.90000000000009,8716,"PRS",707.1,720.4,TRUE
"SO2",2024,712.7,714.8,2.09999999999991,8750,"PRS",706.4,721.1,TRUE
"SO2",2025,713.1,714.6,1.5,8729,"PRS",708.6,719.1,TRUE
"SO2",2026,712.8,714.6,1.80000000000007,5028,"PRS",707.4,720,TRUE
"SUR",2020,704.2,708.8,4.59999999999991,8725,"PRS",690.4,722.6,TRUE
"SUR",2021,704.8,711.3,6.5,8606,"PRS",685.3,730.8,TRUE
"SUR",2022,710.3,714.9,4.60000000000002,8661,"PRS",696.5,728.7,TRUE
"SUR",2023,709.8,714.4,4.60000000000002,8463,"PRS",696,728.2,TRUE
"SUR",2024,709.3,714.2,4.90000000000009,8186,"PRS",694.6,728.9,TRUE
"SUR",2025,710.7,714.3,3.59999999999991,7575,"PRS",699.9,725.1,TRUE
"SUR",2026,710.6,716.4,5.79999999999996,2509,"PRS",693.2,733.8,TRUE
"CE",2020,0,0,0,8661,"RAINF",0,0,FALSE
"CE",2021,0,0,0,8562,"RAINF",0,0,FALSE
"CE",2022,0,0,0,8612,"RAINF",0,0,FALSE
"CE",2023,0,0,0,8599,"RAINF",0,0,FALSE
"CE",2024,0,0,0,8599,"RAINF",0,0,FALSE
"CE",2025,0,0,0,8568,"RAINF",0,0,FALSE
"CE",2026,0,0,0,5022,"RAINF",0,0,FALSE
"NE",2020,0,0,0,7221,"RAINF",0,0,FALSE
"NE",2021,0,0,0,8706,"RAINF",0,0,FALSE
"NE",2022,0,0,0,8628,"RAINF",0,0,FALSE
"NE",2023,0,0,0,8663,"RAINF",0,0,FALSE
"NE",2024,0,0,0,8653,"RAINF",0,0,FALSE
"NE",2025,0,0,0,8531,"RAINF",0,0,FALSE
"NE",2026,0,0,0,4756,"RAINF",0,0,FALSE
"NE2",2020,0,0,0,8480,"RAINF",0,0,FALSE
"NE2",2021,0,0,0,8501,"RAINF",0,0,FALSE
"NE2",2022,0,0,0,8650,"RAINF",0,0,FALSE
"NE2",2023,0,0,0,8593,"RAINF",0,0,FALSE
"NE2",2024,0,0,0,8525,"RAINF",0,0,FALSE
"NE2",2025,0,0,0,8581,"RAINF",0,0,FALSE
"NE2",2026,0,0,0,4813,"RAINF",0,0,FALSE
"NE3",2021,0,0,0,8372,"RAINF",0,0,FALSE
"NE3",2022,0,0,0,8386,"RAINF",0,0,FALSE
"NE3",2023,0,0,0,8591,"RAINF",0,0,FALSE
"NE3",2024,0,0,0,8429,"RAINF",0,0,FALSE
"NE3",2025,0,0,0,8441,"RAINF",0,0,FALSE
"NE3",2026,0,0,0,4763,"RAINF",0,0,FALSE
"NO",2020,0,0,0,8664,"RAINF",0,0,FALSE
"NO",2021,0,0,0,8659,"RAINF",0,0,FALSE
"NO",2022,0,0,0,8520,"RAINF",0,0,FALSE
"NO",2023,0,0,0,8568,"RAINF",0,0,FALSE
"NO",2024,0,0,0,8222,"RAINF",0,0,FALSE
"NO",2025,0,0,0,8547,"RAINF",0,0,FALSE
"NO",2026,0,0,0,4947,"RAINF",0,0,FALSE
"NO2",2020,0,0,0,8668,"RAINF",0,0,FALSE
"NO2",2021,0,0,0,8446,"RAINF",0,0,FALSE
"NO2",2022,0,0,0,8642,"RAINF",0,0,FALSE
"NO2",2023,0,0,0,8670,"RAINF",0,0,FALSE
"NO2",2024,0,0,0,8564,"RAINF",0,0,FALSE
"NO2",2025,0,0,0,8676,"RAINF",0,0,FALSE
"NO2",2026,0,0,0,5040,"RAINF",0,0,FALSE
"NO3",2022,0,0,0,743,"RAINF",0,0,FALSE
"NO3",2023,0,0,0,8693,"RAINF",0,0,FALSE
"NO3",2024,0,0,0,8712,"RAINF",0,0,FALSE
"NO3",2025,0,0,0,6229,"RAINF",0,0,FALSE
"NO3",2026,0,0,0,5035,"RAINF",0,0,FALSE
"NTE",2020,0,0,0,2679,"RAINF",0,0,FALSE
"NTE",2021,0,0,0,6538,"RAINF",0,0,FALSE
"NTE",2022,0,0,0,8606,"RAINF",0,0,FALSE
"NTE",2023,0,0,0,8460,"RAINF",0,0,FALSE
"NTE",2024,0,0,0,8704,"RAINF",0,0,FALSE
"NTE",2025,0,0,0,8595,"RAINF",0,0,FALSE
"NTE",2026,0,0,0,2187,"RAINF",0,0,FALSE
"NTE2",2020,0,0,0,8619,"RAINF",0,0,FALSE
"NTE2",2021,0,0,0,8668,"RAINF",0,0,FALSE
"NTE2",2022,0,0,0,8696,"RAINF",0,0,FALSE
"NTE2",2023,0,0,0,8708,"RAINF",0,0,FALSE
"NTE2",2024,0,0,0,8672,"RAINF",0,0,FALSE
"NTE2",2025,0,0,0,8618,"RAINF",0,0,FALSE
"NTE2",2026,0,0,0,5062,"RAINF",0,0,FALSE
"SE",2020,0,0,0,8576,"RAINF",0,0,FALSE
"SE",2021,0,0,0,8501,"RAINF",0,0,FALSE
"SE",2022,0,0,0,8668,"RAINF",0,0,FALSE
"SE",2023,0,0,0,8713,"RAINF",0,0,FALSE
"SE",2024,0,0,0,8674,"RAINF",0,0,FALSE
"SE",2025,0,0,0,8461,"RAINF",0,0,FALSE
"SE",2026,0,0,0,4963,"RAINF",0,0,FALSE
"SE2",2020,0,0,0,1218,"RAINF",0,0,FALSE
"SE2",2021,0,0,0,6503,"RAINF",0,0,FALSE
"SE2",2022,0,0,0,8754,"RAINF",0,0,FALSE
"SE2",2023,0,0,0,8754,"RAINF",0,0,FALSE
"SE2",2024,0,0,0,8776,"RAINF",0,0,FALSE
"SE2",2025,0,0,0,8679,"RAINF",0,0,FALSE
"SE2",2026,0,0,0,4865,"RAINF",0,0,FALSE
"SE3",2020,0,0,0,8650,"RAINF",0,0,FALSE
"SE3",2021,0,0,0,8275,"RAINF",0,0,FALSE
"SE3",2022,0,0,0,8616,"RAINF",0,0,FALSE
"SE3",2023,0,0,0,8567,"RAINF",0,0,FALSE
"SE3",2024,0,0,0,8719,"RAINF",0,0,FALSE
"SE3",2025,0,0,0,8665,"RAINF",0,0,FALSE
"SE3",2026,0,0,0,5035,"RAINF",0,0,FALSE
"SO",2020,0,0,0,8719,"RAINF",0,0,FALSE
"SO",2021,0,0,0,8515,"RAINF",0,0,FALSE
"SO",2022,0,0,0,8519,"RAINF",0,0,FALSE
"SO",2023,0,0,0,8713,"RAINF",0,0,FALSE
"SO",2024,0,0,0,8505,"RAINF",0,0,FALSE
"SO",2025,0,0,0,7854,"RAINF",0,0,FALSE
"SO",2026,0,0,0,5034,"RAINF",0,0,FALSE
"SO2",2020,0,0,0,8736,"RAINF",0,0,FALSE
"SO2",2021,0,0,0,8623,"RAINF",0,0,FALSE
"SO2",2022,0,0,0,8625,"RAINF",0,0,FALSE
"SO2",2023,0,0,0,8719,"RAINF",0,0,FALSE
"SO2",2024,0,0,0,8752,"RAINF",0,0,FALSE
"SO2",2025,0,0,0,8733,"RAINF",0,0,FALSE
"SO2",2026,0,0,0,5029,"RAINF",0,0,FALSE
"SUR",2020,0,0,0,8728,"RAINF",0,0,FALSE
"SUR",2021,0,0,0,8610,"RAINF",0,0,FALSE
"SUR",2022,0,0,0,8667,"RAINF",0,0,FALSE
"SUR",2023,0,0,0,8722,"RAINF",0,0,FALSE
"SUR",2024,0,0,0,8751,"RAINF",0,0,FALSE
"SUR",2025,0,0,0,8244,"RAINF",0,0,FALSE
"SUR",2026,0,0,0,4732,"RAINF",0,0,FALSE
"CE",2020,41,72,31,8658,"RH",-52,165,TRUE
"CE",2021,40,71,31,8559,"RH",-53,164,TRUE
"CE",2022,36,69,33,8543,"RH",-63,168,TRUE
"CE",2023,37,71,34,8545,"RH",-65,173,TRUE
"CE",2024,41,74,33,8549,"RH",-58,173,TRUE
"CE",2025,39,70,31,8518,"RH",-54,163,TRUE
"CE",2026,39,70,31,5019,"RH",-54,163,TRUE
"NE",2020,48,82,34,6817,"RH",-54,184,TRUE
"NE",2021,50,81,31,8690,"RH",-43,174,TRUE
"NE",2022,44.25,80,35.75,8566,"RH",-63,187.25,TRUE
"NE",2023,45,80,35,8572,"RH",-60,185,TRUE
"NE",2024,46,80,34,8562,"RH",-56,182,TRUE
"NE",2025,45,79,34,8490,"RH",-57,181,TRUE
"NE",2026,46,79.25,33.25,4744,"RH",-53.75,179,TRUE
"NE2",2020,41,75,34,8478,"RH",-61,177,TRUE
"NE2",2021,41,75,34,8493,"RH",-61,177,TRUE
"NE2",2022,37,73,36,8611,"RH",-71,181,TRUE
"NE2",2023,40,75,35,8004,"RH",-65,180,TRUE
"NE2",2024,41,74,33,8496,"RH",-58,173,TRUE
"NE2",2025,39,71,32,8479,"RH",-57,167,TRUE
"NE2",2026,39,72,33,4809,"RH",-60,171,TRUE
"NE3",2021,44,79,35,8363,"RH",-61,184,TRUE
"NE3",2022,40,78,38,8349,"RH",-74,192,TRUE
"NE3",2023,44,80,36,8578,"RH",-64,188,TRUE
"NE3",2024,48,82,34,8431,"RH",-54,184,TRUE
"NE3",2025,45,80,35,8438,"RH",-60,185,TRUE
"NE3",2026,45,79,34,4050,"RH",-57,181,TRUE
"NO",2020,46,76,30,8663,"RH",-44,166,TRUE
"NO",2021,42,74,32,8477,"RH",-54,170,TRUE
"NO",2022,35,72,37,8143,"RH",-76,183,TRUE
"NO",2023,35,74,39,8458,"RH",-82,191,TRUE
"NO",2024,29,69,40,4353,"RH",-91,189,TRUE
"NO",2025,36,70,34,7902,"RH",-66,172,TRUE
"NO",2026,29.5835,57.25,27.6665,2016,"RH",-53.416,140.2495,TRUE
"NO2",2020,42,73,31,8629,"RH",-51,166,TRUE
"NO2",2021,40,73,33,8161,"RH",-59,172,TRUE
"NO2",2022,37,72,35,7695,"RH",-68,177,TRUE
"NO2",2023,37,73,36,8601,"RH",-71,181,TRUE
"NO2",2024,43,77,34,8491,"RH",-59,179,TRUE
"NO2",2025,39,74,35,8647,"RH",-66,179,TRUE
"NO2",2026,41,74,33,5018,"RH",-58,173,TRUE
"NO3",2022,58,89,31,735,"RH",-35,182,TRUE
"NO3",2023,58,68,10,1540,"RH",28,98,TRUE
"NO3",2024,40,73,33,8111,"RH",-59,172,TRUE
"NO3",2025,36,71,35,6196,"RH",-69,176,TRUE
"NO3",2026,38,68,30,4943,"RH",-52,158,TRUE
"NTE",2020,8,64,56,1213,"RH",-160,232,TRUE
"NTE",2021,39,71,32,5972,"RH",-57,167,TRUE
"NTE",2022,35,68,33,7871,"RH",-64,167,TRUE
"NTE",2023,40,72,32,4414,"RH",-56,168,TRUE
"NTE",2024,9,17,8,2319,"RH",-15,41,TRUE
"NTE",2025,3,6,3,57,"RH",-6,15,TRUE
"NTE",2026,NA,NA,NA,0,"RH",NA,NA,FALSE
"NTE2",2020,41,74,33,8615,"RH",-58,173,TRUE
"NTE2",2021,41,72,31,8643,"RH",-52,165,TRUE
"NTE2",2022,37,71,34,8654,"RH",-65,173,TRUE
"NTE2",2023,38,72,34,8658,"RH",-64,174,TRUE
"NTE2",2024,41,74,33,8635,"RH",-58,173,TRUE
"NTE2",2025,39,72,33,8567,"RH",-60,171,TRUE
"NTE2",2026,39,72,33,5060,"RH",-60,171,TRUE
"SE",2020,46,78,32,8570,"RH",-50,174,TRUE
"SE",2021,45,78,33,8463,"RH",-54,177,TRUE
"SE",2022,40,75,35,8638,"RH",-65,180,TRUE
"SE",2023,43,77,34,8680,"RH",-59,179,TRUE
"SE",2024,46,79,33,8671,"RH",-53,178,TRUE
"SE",2025,44,77,33,8430,"RH",-55,176,TRUE
"SE",2026,43,76,33,4991,"RH",-56,175,TRUE
"SE2",2020,2,2,0,15,"RH",2,2,FALSE
"SE2",2021,48,77,29,6227,"RH",-39,164,TRUE
"SE2",2022,41,75,34,8388,"RH",-61,177,TRUE
"SE2",2023,44,77,33,8646,"RH",-55,176,TRUE
"SE2",2024,47,79,32,8565,"RH",-49,175,TRUE
"SE2",2025,42,76,34,6463,"RH",-60,178,TRUE
"SE2",2026,40,77,37,2800,"RH",-71,188,TRUE
"SE3",2020,45,77,32,8639,"RH",-51,173,TRUE
"SE3",2021,45,77,32,8032,"RH",-51,173,TRUE
"SE3",2022,40,76,36,8592,"RH",-68,184,TRUE
"SE3",2023,44,78,34,8541,"RH",-58,180,TRUE
"SE3",2024,47,80,33,8682,"RH",-52,179,TRUE
"SE3",2025,43,77,34,8642,"RH",-59,179,TRUE
"SE3",2026,44,78,34,5030,"RH",-58,180,TRUE
"SO",2020,46,75,29,8677,"RH",-41,162,TRUE
"SO",2021,44,73,29,8411,"RH",-43,160,TRUE
"SO",2022,37,71,34,8515,"RH",-65,173,TRUE
"SO",2023,37,69,32,8708,"RH",-59,165,TRUE
"SO",2024,42,74,32,8419,"RH",-54,170,TRUE
"SO",2025,18,67,49,2495,"RH",-129,214,TRUE
"SO",2026,NA,NA,NA,0,"RH",NA,NA,FALSE
"SO2",2020,41,70,29,8722,"RH",-46,157,TRUE
"SO2",2021,40,69,29,8607,"RH",-47,156,TRUE
"SO2",2022,37,68,31,8539,"RH",-56,161,TRUE
"SO2",2023,38,69,31,8648,"RH",-55,162,TRUE
"SO2",2024,42,72,30,8660,"RH",-48,162,TRUE
"SO2",2025,40,69,29,8673,"RH",-47,156,TRUE
"SO2",2026,41,69,28,5017,"RH",-43,153,TRUE
"SUR",2020,46,76,30,8724,"RH",-44,166,TRUE
"SUR",2021,44,75,31,8602,"RH",-49,168,TRUE
"SUR",2022,38,72,34,8637,"RH",-64,174,TRUE
"SUR",2023,40,72,32,8464,"RH",-56,168,TRUE
"SUR",2024,43,74,31,8299,"RH",-50,167,TRUE
"SUR",2025,45,73,28,7552,"RH",-39,157,TRUE
"SUR",2026,41,72,31,4727,"RH",-52,165,TRUE
"CE",2020,2.8,4.9,2.1,8662,"SO2",-3.5,11.2,TRUE
"CE",2021,2.3,5.9,3.6,8046,"SO2",-8.5,16.7,TRUE
"CE",2022,4.7,6.6,1.9,7919,"SO2",-0.999999999999998,12.3,TRUE
"CE",2023,2.5,3.8,1.3,8376,"SO2",-1.4,7.7,TRUE
"CE",2024,3.2,4.6,1.4,8562,"SO2",-0.999999999999998,8.8,TRUE
"CE",2025,2.3,5.2,2.9,8500,"SO2",-6.4,13.9,TRUE
"CE",2026,3.1,4.2,1.1,4995,"SO2",-0.2,7.5,TRUE
"NE",2020,0.9,2.5,1.6,1212,"SO2",-3.9,7.3,TRUE
"NE",2021,2.7,6.4,3.7,6447,"SO2",-8.4,17.5,TRUE
"NE",2022,3.2,5.5,2.3,8265,"SO2",-3.7,12.4,TRUE
"NE",2023,2.8,3.9,1.1,8480,"SO2",-0.5,7.2,TRUE
"NE",2024,2.9,4.6,1.7,8641,"SO2",-2.2,9.7,TRUE
"NE",2025,2.6,5.4,2.8,7945,"SO2",-5.8,13.8,TRUE
"NE",2026,5.4,5.9,0.5,4474,"SO2",3.9,7.4,TRUE
"NE2",2020,2.5,11,8.5,4814,"SO2",-23,36.5,TRUE
"NE2",2021,2.9,8.1,5.2,8112,"SO2",-12.7,23.7,TRUE
"NE2",2022,3.1,6,2.9,8248,"SO2",-5.6,14.7,TRUE
"NE2",2023,2.3,4.4,2.1,8487,"SO2",-4,10.7,TRUE
"NE2",2024,2.7,5.2,2.5,8474,"SO2",-4.8,12.7,TRUE
"NE2",2025,3.1,5.4,2.3,8548,"SO2",-3.8,12.3,TRUE
"NE2",2026,2.8,5.2,2.4,4753,"SO2",-4.4,12.4,TRUE
"NE3",2021,2.6,4.4,1.8,7341,"SO2",-2.8,9.8,TRUE
"NE3",2022,2.5,3.6,1.1,6740,"SO2",-0.8,6.9,TRUE
"NE3",2023,2.1,3.3,1.2,8056,"SO2",-1.5,6.9,TRUE
"NE3",2024,2.6,5,2.4,996,"SO2",-4.6,12.2,TRUE
"NE3",2025,3.8,5.2,1.4,4134,"SO2",-0.400000000000001,9.4,TRUE
"NE3",2026,3.3,4.9,1.6,4667,"SO2",-1.5,9.7,TRUE
"NO",2020,1.8,14.1,12.3,2250,"SO2",-35.1,51,TRUE
"NO",2021,4.4,9.9,5.5,8495,"SO2",-12.1,26.4,TRUE
"NO",2022,3,6.4,3.4,7729,"SO2",-7.2,16.6,TRUE
"NO",2023,3,4.4,1.4,8512,"SO2",-1.2,8.6,TRUE
"NO",2024,3.1,5.3,2.2,8062,"SO2",-3.5,11.9,TRUE
"NO",2025,2.5,4.6,2.1,8252,"SO2",-3.8,10.9,TRUE
"NO",2026,2.4,4.8,2.4,4644,"SO2",-4.8,12,TRUE
"NO2",2020,8,12.2,4.2,7451,"SO2",-4.6,24.8,TRUE
"NO2",2021,2.7,8.6,5.9,6890,"SO2",-15,26.3,TRUE
"NO2",2022,3.1,4,0.9,7148,"SO2",0.4,6.7,TRUE
"NO2",2023,2,2.8,0.8,8454,"SO2",-0.399999999999999,5.2,TRUE
"NO2",2024,2.7,3.6,0.9,8525,"SO2",4.44089209850063e-16,6.3,TRUE
"NO2",2025,3.9,4.8,0.9,8444,"SO2",1.2,7.5,TRUE
"NO2",2026,4.7,5,0.3,4953,"SO2",3.8,5.9,TRUE
"NO3",2022,2.2,3.3,1.1,710,"SO2",-1.1,6.6,TRUE
"NO3",2023,2.8,4.5,1.7,7462,"SO2",-2.3,9.6,TRUE
"NO3",2024,3.1,4.5,1.4,8674,"SO2",-1.1,8.7,TRUE
"NO3",2025,3.1,6,2.9,6229,"SO2",-5.6,14.7,TRUE
"NO3",2026,4.1,5.1,1,5033,"SO2",1.1,8.1,TRUE
"NTE",2020,0.5,0.7,0.2,22,"SO2",-0.0999999999999999,1.3,FALSE
"NTE",2021,2.4,3.4,1,6209,"SO2",-0.6,6.4,TRUE
"NTE",2022,4.4,6.2,1.8,8110,"SO2",-1,11.6,TRUE
"NTE",2023,2,3.7,1.7,7900,"SO2",-3.1,8.8,TRUE
"NTE",2024,2.5,3.4,0.9,8693,"SO2",-0.2,6.1,TRUE
"NTE",2025,2.8,5.9,3.1,6874,"SO2",-6.5,15.2,TRUE
"NTE",2026,3.7,5.7,2,5009,"SO2",-2.3,11.7,TRUE
"NTE2",2020,4.5,17.5,13,2659,"SO2",-34.5,56.5,TRUE
"NTE2",2021,2.7,5.35,2.65,2795,"SO2",-5.25,13.3,TRUE
"NTE2",2022,4.9,6.9,2,8435,"SO2",-1.1,12.9,TRUE
"NTE2",2023,2.8,4.3,1.5,8666,"SO2",-1.7,8.8,TRUE
"NTE2",2024,3.3,4.1,0.8,8667,"SO2",0.9,6.5,TRUE
"NTE2",2025,3.3,4.6,1.3,8615,"SO2",-0.6,8.5,TRUE
"NTE2",2026,3.8,5.2,1.4,5063,"SO2",-0.400000000000001,9.4,TRUE
"SE",2020,5.6,7.1,1.5,7647,"SO2",1.1,11.6,TRUE
"SE",2021,2.9,6.5,3.6,8066,"SO2",-7.9,17.3,TRUE
"SE",2022,2.8,5,2.2,8033,"SO2",-3.8,11.6,TRUE
"SE",2023,2.4,3.7,1.3,8631,"SO2",-1.5,7.6,TRUE
"SE",2024,2.2,3.8,1.6,8659,"SO2",-2.6,8.6,TRUE
"SE",2025,2.9,4.5,1.6,8453,"SO2",-1.9,9.3,TRUE
"SE",2026,3.533,4.1,0.567,4663,"SO2",1.832,5.801,TRUE
"SE2",2020,3.5,7,3.5,7813,"SO2",-7,17.5,TRUE
"SE2",2021,3.1,7.1,4,7350,"SO2",-8.9,19.1,TRUE
"SE2",2022,3.5,5.2,1.7,8268,"SO2",-1.6,10.3,TRUE
"SE2",2023,2.6,4,1.4,8679,"SO2",-1.6,8.2,TRUE
"SE2",2024,2.6,4.7,2.1,8409,"SO2",-3.7,11,TRUE
"SE2",2025,3.3,5.9,2.6,8517,"SO2",-4.5,13.7,TRUE
"SE2",2026,2.7,4.3,1.6,4752,"SO2",-2.1,9.1,TRUE
"SE3",2020,2.7,7.8,5.1,7667,"SO2",-12.6,23.1,TRUE
"SE3",2021,2.8,8.2,5.4,7488,"SO2",-13.4,24.4,TRUE
"SE3",2022,3.8,6.8,3,8506,"SO2",-5.2,15.8,TRUE
"SE3",2023,3.2,5,1.8,8470,"SO2",-2.2,10.4,TRUE
"SE3",2024,3.5,5.3,1.8,8705,"SO2",-1.9,10.7,TRUE
"SE3",2025,4,6.8,2.8,8659,"SO2",-4.4,15.2,TRUE
"SE3",2026,4.3,6.1,1.8,4957,"SO2",-1.1,11.5,TRUE
"SO",2020,4.3,7.9,3.6,6519,"SO2",-6.5,18.7,TRUE
"SO",2021,5,8.1,3.1,8330,"SO2",-4.3,17.4,TRUE
"SO",2022,4.5,7.7,3.2,8353,"SO2",-5.1,17.3,TRUE
"SO",2023,4.7,6.4,1.7,8620,"SO2",-0.4,11.5,TRUE
"SO",2024,3.4,6.2,2.8,8498,"SO2",-5,14.6,TRUE
"SO",2025,3.4,6.9,3.5,8519,"SO2",-7.1,17.4,TRUE
"SO",2026,3,4.3,1.3,5035,"SO2",-0.9,8.2,TRUE
"SO2",2020,2.7,3.9,1.2,6856,"SO2",-0.899999999999999,7.5,TRUE
"SO2",2021,3.1,4.8,1.7,7299,"SO2",-2,9.9,TRUE
"SO2",2022,4,5.6,1.6,8503,"SO2",-0.799999999999999,10.4,TRUE
"SO2",2023,3,4.4,1.4,8671,"SO2",-1.2,8.6,TRUE
"SO2",2024,2.6,4,1.4,8739,"SO2",-1.6,8.2,TRUE
"SO2",2025,3.1,5.1,2,8727,"SO2",-2.9,11.1,TRUE
"SO2",2026,3,4.3,1.3,5030,"SO2",-0.9,8.2,TRUE
"SUR",2020,9.5,9.5,0,1,"SO2",9.5,9.5,FALSE
"SUR",2021,1.9,3.1,1.2,6258,"SO2",-1.7,6.7,TRUE
"SUR",2022,3,4,1,7498,"SO2",0,7,TRUE
"SUR",2023,1.9,2.7,0.8,8590,"SO2",-0.500000000000001,5.1,TRUE
"SUR",2024,2.4,3.4,1,8733,"SO2",-0.6,6.4,TRUE
"SUR",2025,2.1,3.8,1.7,8485,"SO2",-3,8.9,TRUE
"SUR",2026,2.2,2.9,0.7,4733,"SO2",0.100000000000001,5,TRUE
"CE",2020,0.167,0.177,0.00999999999999998,8662,"SR",0.137,0.207,TRUE
"CE",2021,0,0.19,0.19,8558,"SR",-0.57,0.76,TRUE
"CE",2022,0.001,0.3,0.299,8673,"SR",-0.896,1.197,TRUE
"CE",2023,0.001,0.27775,0.27675,8694,"SR",-0.82925,1.108,TRUE
"CE",2024,0.001,0.3245,0.3235,8623,"SR",-0.9695,1.295,TRUE
"CE",2025,0,0.223,0.223,8733,"SR",-0.669,0.892,TRUE
"CE",2026,0,0.296,0.296,5059,"SR",-0.888,1.184,TRUE
"NE",2020,0,0,0,7834,"SR",0,0,FALSE
"NE",2021,0,0.19325,0.19325,8664,"SR",-0.57975,0.773,TRUE
"NE",2022,0,0.241,0.241,8722,"SR",-0.723,0.964,TRUE
"NE",2023,0,0.191,0.191,8696,"SR",-0.573,0.764,TRUE
"NE",2024,0,0.219,0.219,8692,"SR",-0.657,0.876,TRUE
"NE",2025,0,0.109,0.109,8598,"SR",-0.327,0.436,TRUE
"NE",2026,0,0.016,0.016,2141,"SR",-0.048,0.064,TRUE
"NE2",2020,0.001,0.483,0.482,8698,"SR",-1.445,1.929,TRUE
"NE2",2021,0,0.48,0.48,8713,"SR",-1.44,1.92,TRUE
"NE2",2022,0,0.294,0.294,8706,"SR",-0.882,1.176,TRUE
"NE2",2023,0,0.24875,0.24875,8650,"SR",-0.74625,0.995,TRUE
"NE2",2024,0,0.268,0.268,8732,"SR",-0.804,1.072,TRUE
"NE2",2025,0,0.278,0.278,8707,"SR",-0.834,1.112,TRUE
"NE2",2026,0,0.298,0.298,5033,"SR",-0.894,1.192,TRUE
"NE3",2021,0,0.363,0.363,8110,"SR",-1.089,1.452,TRUE
"NE3",2022,0,0.386,0.386,7440,"SR",-1.158,1.544,TRUE
"NE3",2023,0,0.34,0.34,7639,"SR",-1.02,1.36,TRUE
"NE3",2024,0,0.3365,0.3365,7711,"SR",-1.0095,1.346,TRUE
"NE3",2025,0,0.336,0.336,7953,"SR",-1.008,1.344,TRUE
"NE3",2026,0,0.3055,0.3055,3939,"SR",-0.9165,1.222,TRUE
"NO",2020,0.002,0.287,0.285,8671,"SR",-0.853,1.142,TRUE
"NO",2021,0.002,0.331,0.329,8617,"SR",-0.985,1.318,TRUE
"NO",2022,0,0.339,0.339,8580,"SR",-1.017,1.356,TRUE
"NO",2023,0,0.3,0.3,8592,"SR",-0.9,1.2,TRUE
"NO",2024,0,0.278,0.278,8319,"SR",-0.834,1.112,TRUE
"NO",2025,0,0.274,0.274,8632,"SR",-0.822,1.096,TRUE
"NO",2026,0,0.19,0.19,5068,"SR",-0.57,0.76,TRUE
"NO2",2020,0,0.318,0.318,8743,"SR",-0.954,1.272,TRUE
"NO2",2021,0,0.1,0.1,8675,"SR",-0.3,0.4,TRUE
"NO2",2022,0.05,0.292,0.242,7058,"SR",-0.676,1.018,TRUE
"NO2",2023,0,0.264,0.264,5468,"SR",-0.792,1.056,TRUE
"NO2",2024,0,0,0,5250,"SR",0,0,FALSE
"NO2",2025,0,0,0,6949,"SR",0,0,FALSE
"NO2",2026,NA,NA,NA,0,"SR",NA,NA,FALSE
"NO3",2022,0,0.134,0.134,741,"SR",-0.402,0.536,TRUE
"NO3",2023,0,0.31,0.31,8705,"SR",-0.93,1.24,TRUE
"NO3",2024,0,0.31,0.31,8664,"SR",-0.93,1.24,TRUE
"NO3",2025,0,0.31,0.31,8454,"SR",-0.93,1.24,TRUE
"NO3",2026,0,0.201,0.201,5009,"SR",-0.603,0.804,TRUE
"NTE",2020,0,0,0,8149,"SR",0,0,FALSE
"NTE",2021,0,0,0,8488,"SR",0,0,FALSE
"NTE",2022,0,0,0,8698,"SR",0,0,FALSE
"NTE",2023,0,0,0,7884,"SR",0,0,FALSE
"NTE",2024,0,0.021,0.021,7453,"SR",-0.063,0.084,TRUE
"NTE",2025,0,0.006,0.006,6960,"SR",-0.018,0.024,TRUE
"NTE",2026,0,0,0,717,"SR",0,0,FALSE
"NTE2",2020,0,0.232,0.232,8705,"SR",-0.696,0.928,TRUE
"NTE2",2021,0,0.234,0.234,8742,"SR",-0.702,0.936,TRUE
"NTE2",2022,0,0.243,0.243,8733,"SR",-0.729,0.972,TRUE
"NTE2",2023,0,0.21,0.21,8736,"SR",-0.63,0.84,TRUE
"NTE2",2024,0,0.21,0.21,8718,"SR",-0.63,0.84,TRUE
"NTE2",2025,0,0.219,0.219,8717,"SR",-0.657,0.876,TRUE
"NTE2",2026,0,0.239,0.239,5081,"SR",-0.717,0.956,TRUE
"SE",2020,0.007,0.23,0.223,8701,"SR",-0.662,0.899,TRUE
"SE",2021,0,0.224,0.224,8692,"SR",-0.672,0.896,TRUE
"SE",2022,0,0.231,0.231,8745,"SR",-0.693,0.924,TRUE
"SE",2023,0,0.208,0.208,8749,"SR",-0.624,0.832,TRUE
"SE",2024,0,0.209,0.209,8711,"SR",-0.627,0.836,TRUE
"SE",2025,0,0.2,0.2,8670,"SR",-0.6,0.8,TRUE
"SE",2026,0,0.229,0.229,5061,"SR",-0.687,0.916,TRUE
"SE2",2020,0.001,0.282,0.281,8735,"SR",-0.842,1.125,TRUE
"SE2",2021,0,0.173,0.173,8641,"SR",-0.519,0.692,TRUE
"SE2",2022,0,0.228,0.228,8608,"SR",-0.684,0.912,TRUE
"SE2",2023,0,0.205,0.205,8745,"SR",-0.615,0.82,TRUE
"SE2",2024,0,0.197,0.197,8752,"SR",-0.591,0.788,TRUE
"SE2",2025,0,0.195,0.195,8695,"SR",-0.585,0.78,TRUE
"SE2",2026,0,0.193,0.193,4962,"SR",-0.579,0.772,TRUE
"SE3",2020,0.036,0.303,0.267,8761,"SR",-0.765,1.104,TRUE
"SE3",2021,0.001,0.268,0.267,8719,"SR",-0.8,1.069,TRUE
"SE3",2022,0.001,0.293,0.292,8735,"SR",-0.875,1.169,TRUE
"SE3",2023,0.001,0.279,0.278,8676,"SR",-0.833,1.113,TRUE
"SE3",2024,0.001,0.28,0.279,8757,"SR",-0.836,1.117,TRUE
"SE3",2025,0,0.125,0.125,8406,"SR",-0.375,0.5,TRUE
"SE3",2026,NA,NA,NA,0,"SR",NA,NA,FALSE
"SO",2020,0,0.295,0.295,8751,"SR",-0.885,1.18,TRUE
"SO",2021,0,0.326,0.326,8322,"SR",-0.978,1.304,TRUE
"SO",2022,0,0.327,0.327,8589,"SR",-0.981,1.308,TRUE
"SO",2023,0,0.273,0.273,8679,"SR",-0.819,1.092,TRUE
"SO",2024,0,0.296,0.296,8593,"SR",-0.888,1.184,TRUE
"SO",2025,0,0.2575,0.2575,8519,"SR",-0.7725,1.03,TRUE
"SO",2026,0,0.328,0.328,5081,"SR",-0.984,1.312,TRUE
"SO2",2020,0,0.306,0.306,8771,"SR",-0.918,1.224,TRUE
"SO2",2021,0,0.312,0.312,8749,"SR",-0.936,1.248,TRUE
"SO2",2022,0,0.313,0.313,8749,"SR",-0.939,1.252,TRUE
"SO2",2023,0,0.29,0.29,8739,"SR",-0.87,1.16,TRUE
"SO2",2024,0,0.294,0.294,8772,"SR",-0.882,1.176,TRUE
"SO2",2025,0,0.302,0.302,8750,"SR",-0.906,1.208,TRUE
"SO2",2026,0,0.32,0.32,5081,"SR",-0.96,1.28,TRUE
"SUR",2020,0.001,0.28725,0.28625,8772,"SR",-0.85775,1.146,TRUE
"SUR",2021,0.001,0.294,0.293,8696,"SR",-0.878,1.173,TRUE
"SUR",2022,0.001,0.315,0.314,8709,"SR",-0.941,1.257,TRUE
"SUR",2023,0.001,0.283,0.282,8752,"SR",-0.845,1.129,TRUE
"SUR",2024,0.002,0.281,0.279,8742,"SR",-0.835,1.118,TRUE
"SUR",2025,0.002,0.248,0.246,8528,"SR",-0.736,0.986,TRUE
"SUR",2026,0.001,0.304,0.303,5065,"SR",-0.908,1.213,TRUE
"CE",2020,18.515,26.96,8.445,8651,"TOUT",-6.82,52.295,TRUE
"CE",2021,18.74,27.2,8.46,8559,"TOUT",-6.64,52.58,TRUE
"CE",2022,17.5575,27.5325,9.975,8612,"TOUT",-12.3675,57.4575,TRUE
"CE",2023,17.7575,28.34,10.5825,8600,"TOUT",-13.99,60.0875,TRUE
"CE",2024,19.43,27.75,8.32,8592,"TOUT",-5.53,52.71,TRUE
"CE",2025,19.53,27.82,8.29,8567,"TOUT",-5.34,52.69,TRUE
"CE",2026,19.38,27.68,8.3,5018,"TOUT",-5.52,52.58,TRUE
"NE",2020,17.57,26.92,9.35,6825,"TOUT",-10.48,54.97,TRUE
"NE",2021,19.04,27.78,8.74,8707,"TOUT",-7.18000000000001,54,TRUE
"NE",2022,17.9225,28.24,10.3175,8614,"TOUT",-13.03,59.1925,TRUE
"NE",2023,17.495,28.99,11.495,8663,"TOUT",-16.99,63.475,TRUE
"NE",2024,16.69,27.25,10.56,5004,"TOUT",-14.99,58.93,TRUE
"NE",2025,21.07,28.645,7.575,646,"TOUT",-1.65499999999999,51.37,TRUE
"NE",2026,12.8625,20.775,7.9125,550,"TOUT",-10.875,44.5125,TRUE
"NE2",2020,19.31,28.35,9.04,8479,"TOUT",-7.81000000000001,55.47,TRUE
"NE2",2021,19.61,28.45,8.84,8505,"TOUT",-6.91,54.97,TRUE
"NE2",2022,18.57,28.9,10.33,8637,"TOUT",-12.42,59.89,TRUE
"NE2",2023,18.555,29.54,10.985,8579,"TOUT",-14.4,62.495,TRUE
"NE2",2024,19.76,28.84,9.08,8524,"TOUT",-7.47999999999999,56.08,TRUE
"NE2",2025,20.3,29.15,8.85,8534,"TOUT",-6.24999999999999,55.7,TRUE
"NE2",2026,20.11,28.87,8.76,4783,"TOUT",-6.17000000000001,55.15,TRUE
"NE3",2021,18.4,28.1,9.7,8333,"TOUT",-10.7,57.2,TRUE
"NE3",2022,17.7,28.6,10.9,8345,"TOUT",-15,61.3,TRUE
"NE3",2023,18,29.3,11.3,8519,"TOUT",-15.9,63.2,TRUE
"NE3",2024,19,28.4,9.4,8353,"TOUT",-9.2,56.6,TRUE
"NE3",2025,19.2,28.9,9.7,8375,"TOUT",-9.9,58,TRUE
"NE3",2026,18,27.3,9.3,4045,"TOUT",-9.9,55.2,TRUE
"NO",2020,19.28,27.78,8.5,8666,"TOUT",-6.22,53.28,TRUE
"NO",2021,19.365,28.06,8.695,8659,"TOUT",-6.71999999999999,54.145,TRUE
"NO",2022,18.295,28.605,10.31,8367,"TOUT",-12.635,59.535,TRUE
"NO",2023,18.5,29.31,10.81,8565,"TOUT",-13.93,61.74,TRUE
"NO",2024,17.78,28.26,10.48,4151,"TOUT",-13.66,59.7,TRUE
"NO",2025,22,29.59,7.59,7917,"TOUT",-0.77,52.36,TRUE
"NO",2026,20.01,28.8885,8.8785,4599,"TOUT",-6.6255,55.524,TRUE
"NO2",2020,18.2,26.94,8.74,8667,"TOUT",-8.02000000000001,53.16,TRUE
"NO2",2021,17.9425,27.59,9.6475,8102,"TOUT",-11,56.5325,TRUE
"NO2",2022,17.16,27.71,10.55,8641,"TOUT",-14.49,59.36,TRUE
"NO2",2023,17.47,28.61,11.14,8669,"TOUT",-15.95,62.03,TRUE
"NO2",2024,18.76,27.925,9.165,8563,"TOUT",-8.735,55.42,TRUE
"NO2",2025,19.1625,28.34,9.1775,8674,"TOUT",-8.36999999999999,55.8725,TRUE
"NO2",2026,18.99,28.13,9.14,5037,"TOUT",-8.43,55.55,TRUE
"NO3",2022,11.26,20.4975,9.2375,742,"TOUT",-16.4525,48.21,TRUE
"NO3",2023,17.72,28.93,11.21,8683,"TOUT",-15.91,62.56,TRUE
"NO3",2024,19.09,28.25,9.16,8713,"TOUT",-8.39,55.73,TRUE
"NO3",2025,16.715,27.19,10.475,6227,"TOUT",-14.71,58.615,TRUE
"NO3",2026,19.37,28.29,8.92,5032,"TOUT",-7.38999999999999,55.05,TRUE
"NTE",2020,-50.35,18.97,69.32,1301,"TOUT",-258.31,226.93,TRUE
"NTE",2021,21.92,29.42,7.5,6537,"TOUT",-0.579999999999998,51.92,TRUE
"NTE",2022,18.11,28.65,10.54,8603,"TOUT",-13.51,60.27,TRUE
"NTE",2023,17.83,29.07,11.24,8457,"TOUT",-15.89,62.79,TRUE
"NTE",2024,19.68,29,9.32,8700,"TOUT",-8.28,56.96,TRUE
"NTE",2025,20.41,29.47,9.06,8643,"TOUT",-6.77,56.65,TRUE
"NTE",2026,20.11,29.1875,9.0775,5038,"TOUT",-7.1225,56.42,TRUE
"NTE2",2020,19.5,28.0075,8.5075,8618,"TOUT",-6.0225,53.53,TRUE
"NTE2",2021,19.5275,28.27,8.7425,8640,"TOUT",-6.7,54.4975,TRUE
"NTE2",2022,18.4525,28.6575,10.205,8694,"TOUT",-12.1625,59.2725,TRUE
"NTE2",2023,18.71,29.47,10.76,8706,"TOUT",-13.57,61.75,TRUE
"NTE2",2024,20.13,28.95,8.82,8670,"TOUT",-6.33,55.41,TRUE
"NTE2",2025,20.39,29.13,8.74,8625,"TOUT",-5.83,55.35,TRUE
"NTE2",2026,20.0775,28.86,8.7825,5064,"TOUT",-6.27,55.2075,TRUE
"SE",2020,19.495,28.15,8.655,8135,"TOUT",-6.47000000000001,54.115,TRUE
"SE",2021,17.69,27,9.31,6076,"TOUT",-10.24,54.93,TRUE
"SE",2022,18.22,28.4,10.18,8668,"TOUT",-12.32,58.94,TRUE
"SE",2023,18.4125,29.04,10.6275,8718,"TOUT",-13.47,60.9225,TRUE
"SE",2024,19.81,28.54,8.73,8673,"TOUT",-6.38,54.73,TRUE
"SE",2025,20.07,28.6275,8.5575,8458,"TOUT",-5.6025,54.3,TRUE
"SE",2026,19.87,28.5,8.63,4986,"TOUT",-6.02,54.39,TRUE
"SE2",2020,21.45,28.97,7.52,7214,"TOUT",-1.11,51.53,TRUE
"SE2",2021,19.19,28.34,9.15,8243,"TOUT",-8.25999999999999,55.79,TRUE
"SE2",2022,18.88,28.92,10.04,8426,"TOUT",-11.24,59.04,TRUE
"SE2",2023,18.6875,29.3725,10.685,8700,"TOUT",-13.3675,61.4275,TRUE
"SE2",2024,20,28.9325,8.9325,8584,"TOUT",-6.79749999999999,55.73,TRUE
"SE2",2025,20.25,29.23,8.98,8589,"TOUT",-6.69,56.17,TRUE
"SE2",2026,20.2925,29.0175,8.725,4750,"TOUT",-5.8825,55.1925,TRUE
"SE3",2020,19.3125,28.0775,8.765,8650,"TOUT",-6.9825,54.3725,TRUE
"SE3",2021,18.78,27.97,9.19,8276,"TOUT",-8.78999999999999,55.54,TRUE
"SE3",2022,17.905,28.71,10.805,8611,"TOUT",-14.51,61.125,TRUE
"SE3",2023,18.3175,29.22,10.9025,8564,"TOUT",-14.39,61.9275,TRUE
"SE3",2024,19.69,28.74,9.05,8701,"TOUT",-7.45999999999999,55.89,TRUE
"SE3",2025,19.73,28.98,9.25,8665,"TOUT",-8.02,56.73,TRUE
"SE3",2026,19.72,28.51,8.79,5029,"TOUT",-6.65000000000001,54.88,TRUE
"SO",2020,17.79,26.68,8.89,8715,"TOUT",-8.88,53.35,TRUE
"SO",2021,17.61,27.12,9.51,8233,"TOUT",-10.92,55.65,TRUE
"SO",2022,17.09,27.35,10.26,8524,"TOUT",-13.69,58.13,TRUE
"SO",2023,17.54,28.4,10.86,8713,"TOUT",-15.04,60.98,TRUE
"SO",2024,19.24,27.81,8.57,8525,"TOUT",-6.47,53.52,TRUE
"SO",2025,18.81,28.75,9.94,7629,"TOUT",-11.01,58.57,TRUE
"SO",2026,19.58,28.74,9.16,5035,"TOUT",-7.9,56.22,TRUE
"SO2",2020,18.41,27.01,8.6,8737,"TOUT",-7.39,52.81,TRUE
"SO2",2021,18.33,27.3975,9.0675,8626,"TOUT",-8.8725,54.6,TRUE
"SO2",2022,17.32,27.6,10.28,8624,"TOUT",-13.52,58.44,TRUE
"SO2",2023,17.82,28.63,10.81,8718,"TOUT",-14.61,61.06,TRUE
"SO2",2024,19.17,27.91,8.74,8752,"TOUT",-7.04999999999999,54.13,TRUE
"SO2",2025,19.525,28,8.475,8731,"TOUT",-5.90000000000001,53.425,TRUE
"SO2",2026,19.145,27.7925,8.6475,5028,"TOUT",-6.7975,53.735,TRUE
"SUR",2020,18.17,26.72,8.55,8728,"TOUT",-7.47999999999999,52.37,TRUE
"SUR",2021,18.35,27.19,8.84,8611,"TOUT",-8.17,53.71,TRUE
"SUR",2022,17.7825,28.4,10.6175,8666,"TOUT",-14.07,60.2525,TRUE
"SUR",2023,18.22,29.2125,10.9925,8476,"TOUT",-14.7575,62.19,TRUE
"SUR",2024,19.825,28.625,8.8,8231,"TOUT",-6.575,55.025,TRUE
"SUR",2025,20.78,28.8575,8.0775,7550,"TOUT",-3.4525,53.09,TRUE
"SUR",2026,19.7425,28.7075,8.965,4734,"TOUT",-7.1525,55.6025,TRUE
"CE",2020,3.3,8.1,4.8,8653,"WSR",-11.1,22.5,TRUE
"CE",2021,4.2,9.5,5.3,8519,"WSR",-11.7,25.4,TRUE
"CE",2022,5,10.8,5.8,8611,"WSR",-12.4,28.2,TRUE
"CE",2023,4.5,10.2,5.7,8600,"WSR",-12.6,27.3,TRUE
"CE",2024,4.4,10,5.6,8588,"WSR",-12.4,26.8,TRUE
"CE",2025,4.5,10.1,5.6,8508,"WSR",-12.3,26.9,TRUE
"CE",2026,4.9,10.7,5.8,4986,"WSR",-12.5,28.1,TRUE
"NE",2020,3.4,9.1,5.7,4598,"WSR",-13.7,26.2,TRUE
"NE",2021,5.7,12.775,7.075,6602,"WSR",-15.525,34,TRUE
"NE",2022,5.8,12.8,7,8626,"WSR",-15.2,33.8,TRUE
"NE",2023,5,11.4,6.4,8663,"WSR",-14.2,30.6,TRUE
"NE",2024,5.3,11.2,5.9,8639,"WSR",-12.4,28.9,TRUE
"NE",2025,5.3,11.9,6.6,8432,"WSR",-14.5,31.7,TRUE
"NE",2026,5.1,12.2,7.1,4699,"WSR",-16.2,33.5,TRUE
"NE2",2020,1.7,8.5,6.8,5188,"WSR",-18.7,28.9,TRUE
"NE2",2021,6.8,13.65,6.85,6351,"WSR",-13.75,34.2,TRUE
"NE2",2022,5.6,12.2,6.6,8646,"WSR",-14.2,32,TRUE
"NE2",2023,4.8,11.3,6.5,8512,"WSR",-14.7,30.8,TRUE
"NE2",2024,5,10.9,5.9,8490,"WSR",-12.7,28.6,TRUE
"NE2",2025,5.5,11.3,5.8,8509,"WSR",-11.9,28.7,TRUE
"NE2",2026,6,12.4,6.4,4814,"WSR",-13.2,31.6,TRUE
"NE3",2021,2.6,11.7,9.1,7951,"WSR",-24.7,39,TRUE
"NE3",2022,2.3,12.8,10.5,7905,"WSR",-29.2,44.3,TRUE
"NE3",2023,4.6,12,7.4,8566,"WSR",-17.6,34.2,TRUE
"NE3",2024,4.1,11.2,7.1,8354,"WSR",-17.2,32.5,TRUE
"NE3",2025,2.4,10.3,7.9,8174,"WSR",-21.3,34,TRUE
"NE3",2026,3.3,11.3,8,4691,"WSR",-20.7,35.3,TRUE
"NO",2020,4.4,11.4,7,8394,"WSR",-16.6,32.4,TRUE
"NO",2021,4.7,13.5,8.8,7514,"WSR",-21.7,39.9,TRUE
"NO",2022,4.4,12.1,7.7,8331,"WSR",-18.7,35.2,TRUE
"NO",2023,4.2,11.6,7.4,8567,"WSR",-18,33.8,TRUE
"NO",2024,4.2,10.5,6.3,8223,"WSR",-14.7,29.4,TRUE
"NO",2025,4.3,10.9,6.6,8557,"WSR",-15.5,30.7,TRUE
"NO",2026,4.9,11.233,6.333,4954,"WSR",-14.099,30.232,TRUE
"NO2",2020,2.4,12.9,10.5,7995,"WSR",-29.1,44.4,TRUE
"NO2",2021,4.8,13.6,8.8,7995,"WSR",-21.6,40,TRUE
"NO2",2022,6.3,15.2,8.9,8642,"WSR",-20.4,41.9,TRUE
"NO2",2023,5.7,14.4,8.7,8670,"WSR",-20.4,40.5,TRUE
"NO2",2024,5.1,13.4,8.3,8564,"WSR",-19.8,38.3,TRUE
"NO2",2025,5.9,13.5,7.6,8661,"WSR",-16.9,36.3,TRUE
"NO2",2026,6.5,13.9,7.4,5036,"WSR",-15.7,36.1,TRUE
"NO3",2022,3.5,10.8,7.3,737,"WSR",-18.4,32.7,TRUE
"NO3",2023,7.1,14.4,7.3,6850,"WSR",-14.8,36.3,TRUE
"NO3",2024,6.2,12,5.8,8649,"WSR",-11.2,29.4,TRUE
"NO3",2025,5.9,12,6.1,8419,"WSR",-12.4,30.3,TRUE
"NO3",2026,6.1,12.1,6,4943,"WSR",-11.9,30.1,TRUE
"NTE",2020,1.2,4.1,2.9,2144,"WSR",-7.5,12.8,TRUE
"NTE",2021,5.3,11.4,6.1,6538,"WSR",-13,29.7,TRUE
"NTE",2022,5.3,11.6,6.3,8605,"WSR",-13.6,30.5,TRUE
"NTE",2023,4.5,10.5,6,8456,"WSR",-13.5,28.5,TRUE
"NTE",2024,3.6,9.1,5.5,8698,"WSR",-12.9,25.6,TRUE
"NTE",2025,4.5,10.2,5.7,8645,"WSR",-12.6,27.3,TRUE
"NTE",2026,4.6,10.4,5.8,5036,"WSR",-12.8,27.8,TRUE
"NTE2",2020,5.1,8.9,3.8,8617,"WSR",-6.3,20.3,TRUE
"NTE2",2021,5.7,10,4.3,8669,"WSR",-7.2,22.9,TRUE
"NTE2",2022,6.2,10.9,4.7,8696,"WSR",-7.9,25,TRUE
"NTE2",2023,5.2,9.3,4.1,8708,"WSR",-7.1,21.6,TRUE
"NTE2",2024,5.5,9.5,4,8669,"WSR",-6.5,21.5,TRUE
"NTE2",2025,5.4,9.5,4.1,8623,"WSR",-6.9,21.8,TRUE
"NTE2",2026,5.7,10,4.3,5065,"WSR",-7.2,22.9,TRUE
"SE",2020,6.9,16.7,9.8,8538,"WSR",-22.5,46.1,TRUE
"SE",2021,5.7,12.4,6.7,8503,"WSR",-14.4,32.5,TRUE
"SE",2022,6.4,15.5,9.1,8668,"WSR",-20.9,42.8,TRUE
"SE",2023,5.6,14.2,8.6,8717,"WSR",-20.2,40,TRUE
"SE",2024,5.3,13.3,8,8662,"WSR",-18.7,37.3,TRUE
"SE",2025,5.8,13.5,7.7,8440,"WSR",-17.3,36.6,TRUE
"SE",2026,6.3,14.1,7.8,4992,"WSR",-17.1,37.5,TRUE
"SE2",2020,2,8.9,6.9,7009,"WSR",-18.7,29.6,TRUE
"SE2",2021,1.5,8.8,7.3,7820,"WSR",-20.4,30.7,TRUE
"SE2",2022,1.4,8.4,7,8280,"WSR",-19.6,29.4,TRUE
"SE2",2023,1.4,6.8,5.4,8504,"WSR",-14.8,23,TRUE
"SE2",2024,3.8,8.3,4.5,8589,"WSR",-9.7,21.8,TRUE
"SE2",2025,3.5,8.2,4.7,8589,"WSR",-10.6,22.3,TRUE
"SE2",2026,3.6,9.3,5.7,4756,"WSR",-13.5,26.4,TRUE
"SE3",2020,1.7,3.5,1.8,8645,"WSR",-3.7,8.9,TRUE
"SE3",2021,3.6,9.4,5.8,8268,"WSR",-13.8,26.8,TRUE
"SE3",2022,5.5,11.2,5.7,8601,"WSR",-11.6,28.3,TRUE
"SE3",2023,4.7,10.1,5.4,8428,"WSR",-11.5,26.3,TRUE
"SE3",2024,2.9,9,6.1,8635,"WSR",-15.4,27.3,TRUE
"SE3",2025,5,10.3,5.3,8566,"WSR",-10.9,26.2,TRUE
"SE3",2026,5.7,11.2,5.5,4948,"WSR",-10.8,27.7,TRUE
"SO",2020,5.9,20.8,14.9,8707,"WSR",-38.8,65.5,TRUE
"SO",2021,4.9,15.1,10.2,8514,"WSR",-25.7,45.7,TRUE
"SO",2022,4.7,12.4,7.7,8519,"WSR",-18.4,35.5,TRUE
"SO",2023,4.1,11.7,7.6,8625,"WSR",-18.7,34.5,TRUE
"SO",2024,4.1,11.8,7.7,8484,"WSR",-19,34.9,TRUE
"SO",2025,3.3,10.2,6.9,7627,"WSR",-17.4,30.9,TRUE
"SO",2026,3.3,10.2,6.9,5032,"WSR",-17.4,30.9,TRUE
"SO2",2020,0.6,2.3,1.7,4350,"WSR",-4.5,7.4,TRUE
"SO2",2021,8.2,20.1,11.9,6682,"WSR",-27.5,55.8,TRUE
"SO2",2022,6.9,15,8.1,8624,"WSR",-17.4,39.3,TRUE
"SO2",2023,6.3,14,7.7,8719,"WSR",-16.8,37.1,TRUE
"SO2",2024,5.7,13.2,7.5,8749,"WSR",-16.8,35.7,TRUE
"SO2",2025,5.8,12.9,7.1,8731,"WSR",-15.5,34.2,TRUE
"SO2",2026,6.4,13.5,7.1,5027,"WSR",-14.9,34.8,TRUE
"SUR",2020,2,2.5,0.5,8518,"WSR",0.5,4,TRUE
"SUR",2021,2.8,10.2,7.4,8567,"WSR",-19.4,32.4,TRUE
"SUR",2022,3.9,8.7,4.8,8666,"WSR",-10.5,23.1,TRUE
"SUR",2023,4.4,8.6,4.2,8722,"WSR",-8.2,21.2,TRUE
"SUR",2024,4.7,8.7,4,8743,"WSR",-7.3,20.7,TRUE
"SUR",2025,4.1,8.6,4.5,8206,"WSR",-9.4,22.1,TRUE
"SUR",2026,3.8,8.2,4.4,4720,"WSR",-9.4,21.4,TRUE
