variable,periodo,metodo,n_validacion,MAE_validacion,RMSE_validacion,sesgo
CO,2025,autorregresion,5400,0.111995939384004,0.203972850636051,0.00982230630140703
NO,2025,persistencia,5400,5.38338888888889,13.717373614832,0.524203703703704
NO2,2025,autorregresion,5400,3.40290617600012,5.16252405649488,0.0948270396649454
NOX,2025,autorregresion,5400,7.99886335919515,15.2587375953343,-0.190678968264055
PM10,2025,autorregresion,5400,11.8257386740674,18.8942621825559,2.12088025268199
PM2.5,2025,autorregresion,5040,5.05906086319735,7.90599175000129,0.0761343247558278
PRS,2025,autorregresion,5400,0.539877641306709,0.884818160638762,0.0163517644846719
RAINF,2025,autorregresion,5040,0.0486119171401971,0.749612790143687,-0.0242340389234089
RH,2025,autorregresion,5091,3.38624120361129,5.11438397907006,0.113954516751403
SO2,2025,persistencia,5400,1.22553703703704,4.32412418878089,-0.130722222222222
SR,2025,rezago_24h,5400,0.0401661111111111,0.101288746587097,0.000791296296296296
TOUT,2025,autorregresion,5400,0.831084560691595,1.34696400379912,1.89443060976378e-05
WSR,2025,autorregresion,5400,1.7865325061961,2.46753946120871,0.0866606773404255
