periodo,variable,metodo,n,MAE,RMSE,sesgo
2025,CO,persistencia,5400,0.112328703703704,0.213768306991645,-0.00624388888888889
2026,CO,persistencia,5400,0.102703888888889,0.209405624018006,-0.00355944444444444
2025,NO,persistencia,5400,5.38338888888889,13.717373614832,0.524203703703704
2026,NO,persistencia,5400,4.37755537037037,11.625127699442,0.047545
2025,NO2,persistencia,5400,3.64568518518519,5.73515297351602,0.0437222222222222
2026,NO2,persistencia,5400,3.14816407407407,4.92625590972984,-0.211000740740741
2025,NOX,persistencia,5400,8.14796296296296,16.206346493478,-0.332185185185185
2026,NOX,persistencia,5400,7.78078703703704,16.6261016601407,0.122886666666667
2025,PM10,persistencia,5400,11.8983446296296,20.0888590913112,0.0578583333333334
2026,PM10,persistencia,5400,9.27670944444444,15.5540777809824,0.0855220370370371
2025,PM2.5,persistencia,5040,5.30102380952381,8.6285122814809,0.101802380952381
2026,PM2.5,persistencia,5040,3.9897371031746,6.52631253707234,0.0126918650793651
2025,PRS,persistencia,5400,0.558259259259262,0.958469072512497,0.0269629629629637
2026,PRS,persistencia,5400,0.515431851851851,0.820101779817151,0.018561111111113
2025,RAINF,persistencia,5040,0.101617063492064,3.56656919370592,0.0937281746031746
2026,RAINF,persistencia,5040,0.0369565476190476,0.666468858600405,-0.0108093253968254
2025,RH,persistencia,5091,5.07778432527991,7.38503852055682,-0.12708701630328
2026,RH,persistencia,4680,5.4972594017094,7.7993776798915,-0.0885700854700855
2025,SO2,persistencia,5400,1.22553703703704,4.32412418878089,-0.130722222222222
2026,SO2,persistencia,5400,0.77965537037037,2.37698531941274,-0.000926851851851851
2025,SR,persistencia,5400,0.0690081481481482,0.130702217386048,0.0024962962962963
2026,SR,persistencia,4680,0.0724957264957265,0.137974760791185,0.00241196581196581
2025,TOUT,persistencia,5400,1.48212407407407,2.11671779028375,-0.0513092592592593
2026,TOUT,persistencia,5400,1.42170851851852,1.97050902081445,-0.0206777777777777
2025,WSR,persistencia,5400,2.0712037037037,2.87235320999402,0.0567962962962963
2026,WSR,persistencia,5400,2.19988462962963,3.07609708514251,0.0529075925925926
2025,CO,rezago_24h,5400,0.213400925925926,0.407630605518717,0.0189072222222222
2026,CO,rezago_24h,5400,0.174758888888889,0.321898405873194,0.000223333333333337
2025,NO,rezago_24h,5400,9.10259259259259,23.3788544059227,-0.736962962962963
2026,NO,rezago_24h,5400,6.17332648148148,15.334181785759,0.0989694444444445
2025,NO2,rezago_24h,5400,6.35401851851852,9.39652486984575,0.0449444444444444
2026,NO2,rezago_24h,5400,5.37701981481482,8.30576474469746,0.163370555555556
2025,NOX,rezago_24h,5400,14.101,27.4722186945285,-0.364259259259259
2026,NOX,rezago_24h,5400,11.6230848148148,22.6534432915878,0.398207777777778
2025,PM10,rezago_24h,5400,21.0918566666667,36.7528077332019,-0.58872
2026,PM10,rezago_24h,5400,15.9172877777778,26.600899019408,0.455951111111111
2025,PM2.5,rezago_24h,5040,9.11682261904762,15.221319812556,0.334904365079365
2026,PM2.5,rezago_24h,5040,7.11927420634921,12.1274142341534,-0.423812301587302
2025,PRS,rezago_24h,5400,2.15412962962963,3.26391011813427,-0.0234629629629627
2026,PRS,rezago_24h,5400,2.13660740740741,3.17773094157404,0.0108185185185191
2025,RAINF,rezago_24h,5040,0.0493789682539683,0.854603210165628,-0.0126170634920635
2026,RAINF,rezago_24h,5040,0.0450978174603175,0.764240177307573,-0.0143295634920635
2025,RH,rezago_24h,5091,10.4985268120212,14.980206937227,-0.32842270673738
2026,RH,rezago_24h,4680,10.2166228632479,14.5991084388022,-0.340001068376068
2025,SO2,rezago_24h,5400,2.05081481481481,6.67672657653268,0.0941851851851852
2026,SO2,rezago_24h,5400,1.29508351851852,3.66510663032696,0.0552731481481481
2025,SR,rezago_24h,5400,0.0401661111111111,0.101288746587097,0.000791296296296296
2026,SR,rezago_24h,4680,0.0472912393162393,0.120021108364285,0.00181474358974359
2025,TOUT,rezago_24h,5400,2.40528333333333,3.71159355563378,0.0933314814814815
2026,TOUT,rezago_24h,5400,2.44333,3.68837775913396,-0.0772714814814815
2025,WSR,rezago_24h,5400,3.06248148148148,4.25348528115909,-0.0717407407407407
2026,WSR,rezago_24h,5400,3.13275944444444,4.35856369773601,0.085282037037037
2025,CO,autorregresion,5400,0.111995939384004,0.203972850636051,0.00982230630140703
2026,CO,autorregresion,5400,0.101710333601328,0.194529152134309,0.00736439871053325
2025,NO,autorregresion,5400,5.68524658661888,13.0913625178733,0.113872686246489
2026,NO,autorregresion,5400,4.53035768663888,9.78187434437445,0.347123668353587
2025,NO2,autorregresion,5400,3.40290617600012,5.16252405649488,0.0948270396649454
2026,NO2,autorregresion,5400,2.93788971470666,4.40629882060932,0.0571469202553444
2025,NOX,autorregresion,5400,7.99886335919515,15.2587375953343,-0.190678968264055
2026,NOX,autorregresion,5400,7.318043512974,14.3192804957807,0.58362410108827
2025,PM10,autorregresion,5400,11.8257386740674,18.8942621825559,2.12088025268199
2026,PM10,autorregresion,5400,9.77536707238754,14.5315297408617,3.78218722524589
2025,PM2.5,autorregresion,5040,5.05906086319735,7.90599175000129,0.0761343247558278
2026,PM2.5,autorregresion,5040,3.97589686833817,6.64581998385632,0.383788345545863
2025,PRS,autorregresion,5400,0.539877641306709,0.884818160638762,0.0163517644846719
2026,PRS,autorregresion,5400,0.497806654830235,0.77213091543742,-0.0230770892249109
2025,RAINF,autorregresion,5040,0.0486119171401971,0.749612790143687,-0.0242340389234089
2026,RAINF,autorregresion,5040,0.0446081206553407,0.666476415239412,-0.0150771511616726
2025,RH,autorregresion,5091,3.38624120361129,5.11438397907006,0.113954516751403
2026,RH,autorregresion,4680,3.44140426158905,5.07116727844934,-0.0747073672919657
2025,SO2,autorregresion,5400,1.2964149363582,3.88547333988443,-0.174499323283546
2026,SO2,autorregresion,5400,0.882794117349652,2.22239058406883,0.0590958153091955
2025,SR,autorregresion,5400,0.0411396754830229,0.0756377208131719,0.0107975055834371
2026,SR,autorregresion,4680,0.0448179158742327,0.087914255108067,0.010207939528811
2025,TOUT,autorregresion,5400,0.831084560691595,1.34696400379912,1.89443060976378e-05
2026,TOUT,autorregresion,5400,0.770579341199524,1.16751674274355,-0.00103294554509802
2025,WSR,autorregresion,5400,1.7865325061961,2.46753946120871,0.0866606773404255
2026,WSR,autorregresion,5400,1.84769732564797,2.60071856850138,0.136463434104666
